
/*!40101 SET @OLD_CHARACTER_SET_CLIENT=@@CHARACTER_SET_CLIENT */;
/*!40101 SET @OLD_CHARACTER_SET_RESULTS=@@CHARACTER_SET_RESULTS */;
/*!40101 SET @OLD_COLLATION_CONNECTION=@@COLLATION_CONNECTION */;
/*!50503 SET NAMES utf8mb4 */;
/*!40103 SET @OLD_TIME_ZONE=@@TIME_ZONE */;
/*!40103 SET TIME_ZONE='+00:00' */;
/*!40014 SET @OLD_UNIQUE_CHECKS=@@UNIQUE_CHECKS, UNIQUE_CHECKS=0 */;
/*!40014 SET @OLD_FOREIGN_KEY_CHECKS=@@FOREIGN_KEY_CHECKS, FOREIGN_KEY_CHECKS=0 */;
/*!40101 SET @OLD_SQL_MODE=@@SQL_MODE, SQL_MODE='NO_AUTO_VALUE_ON_ZERO' */;
/*!40111 SET @OLD_SQL_NOTES=@@SQL_NOTES, SQL_NOTES=0 */;
DROP TABLE IF EXISTS `branch`;
/*!40101 SET @saved_cs_client     = @@character_set_client */;
/*!50503 SET character_set_client = utf8mb4 */;
CREATE TABLE `branch` (
  `id` int NOT NULL AUTO_INCREMENT,
  `name` varchar(100) NOT NULL,
  `conatct_number` varchar(10) NOT NULL,
  `Address` varchar(45) CHARACTER SET utf8mb3 COLLATE utf8mb3_general_ci NOT NULL,
  `City` varchar(45) NOT NULL,
  PRIMARY KEY (`id`)
) ENGINE=InnoDB AUTO_INCREMENT=5 DEFAULT CHARSET=utf8mb3;
/*!40101 SET character_set_client = @saved_cs_client */;

LOCK TABLES `branch` WRITE;
/*!40000 ALTER TABLE `branch` DISABLE KEYS */;
REPLACE INTO `branch` VALUES (1,'Main Branch','0776168954','561,Colombo04,Colombo','Colombo'),(2,'Kandy Branch','0776168955','511,Colombo04,Colombo','Kandy'),(3,'Jaffna Branch','0776168956','261,Colombo04,Colombo','Jaffna');
/*!40000 ALTER TABLE `branch` ENABLE KEYS */;
UNLOCK TABLES;
DROP TABLE IF EXISTS `brand`;
/*!40101 SET @saved_cs_client     = @@character_set_client */;
/*!50503 SET character_set_client = utf8mb4 */;
CREATE TABLE `brand` (
  `id` int NOT NULL AUTO_INCREMENT,
  `name` varchar(100) NOT NULL,
  PRIMARY KEY (`id`),
  UNIQUE KEY `name` (`name`)
) ENGINE=InnoDB AUTO_INCREMENT=19 DEFAULT CHARSET=utf8mb3;
/*!40101 SET character_set_client = @saved_cs_client */;

LOCK TABLES `brand` WRITE;
/*!40000 ALTER TABLE `brand` DISABLE KEYS */;
REPLACE INTO `brand` VALUES (5,'Anchor'),(3,'Elephant House'),(13,'Hemas'),(6,'Highland'),(4,'Keells'),(9,'Kist'),(10,'Lakspray'),(8,'Maliban'),(16,'Munchee'),(2,'Nestle'),(12,'Pelwatte'),(11,'Prima'),(7,'Raththi'),(15,'Sunlight'),(1,'Unilever'),(14,'Velona');
/*!40000 ALTER TABLE `brand` ENABLE KEYS */;
UNLOCK TABLES;
DROP TABLE IF EXISTS `category`;
/*!40101 SET @saved_cs_client     = @@character_set_client */;
/*!50503 SET character_set_client = utf8mb4 */;
CREATE TABLE `category` (
  `id` int NOT NULL AUTO_INCREMENT,
  `name` varchar(100) NOT NULL,
  PRIMARY KEY (`id`),
  UNIQUE KEY `name` (`name`)
) ENGINE=InnoDB AUTO_INCREMENT=18 DEFAULT CHARSET=utf8mb3;
/*!40101 SET character_set_client = @saved_cs_client */;

LOCK TABLES `category` WRITE;
/*!40000 ALTER TABLE `category` DISABLE KEYS */;
REPLACE INTO `category` VALUES (11,'Baby Care'),(1,'Beverage'),(2,'Biscuits'),(7,'Canned Food'),(10,'Cleaning Supplies'),(12,'Dairy Products'),(5,'Flour & Bakery'),(13,'Frozen Food'),(8,'Instant Food'),(14,'Oils & Fats'),(9,'Personal Care'),(4,'Rice & Grains'),(3,'Snacks'),(6,'Spices'),(15,'Tea & Coffee');
/*!40000 ALTER TABLE `category` ENABLE KEYS */;
UNLOCK TABLES;
DROP TABLE IF EXISTS `goodrecievenotes`;
/*!40101 SET @saved_cs_client     = @@character_set_client */;
/*!50503 SET character_set_client = utf8mb4 */;
CREATE TABLE `goodrecievenotes` (
  `id` int NOT NULL,
  `supplier_id` int NOT NULL,
  `supplier_contact` varchar(45) NOT NULL,
  `supplier_nic` varchar(45) NOT NULL,
  `supplier_email` varchar(45) NOT NULL,
  `RelesaseDate` date DEFAULT NULL,
  `GrnNumber` varchar(45) DEFAULT NULL,
  `ReferenceNumber` varchar(45) DEFAULT NULL,
  `paymentMethod_id` int NOT NULL,
  `ItemName` varchar(45) DEFAULT NULL,
  `Quantity` varchar(45) DEFAULT NULL,
  `UnitPrice` varchar(45) DEFAULT NULL,
  `TotalAmount` varchar(45) DEFAULT NULL,
  `ItemDescription` varchar(105) DEFAULT NULL,
  `category_id` int NOT NULL,
  PRIMARY KEY (`id`),
  KEY `fk_GoodRecieveNotes_supplier_idx` (`supplier_id`),
  KEY `fk_GoodRecieveNotes_paymentMethod1_idx` (`paymentMethod_id`),
  KEY `fk_GoodRecieveNotes_category1_idx` (`category_id`),
  CONSTRAINT `fk_GoodRecieveNotes_category1` FOREIGN KEY (`category_id`) REFERENCES `category` (`id`),
  CONSTRAINT `fk_GoodRecieveNotes_paymentMethod1` FOREIGN KEY (`paymentMethod_id`) REFERENCES `paymentmethod` (`id`),
  CONSTRAINT `fk_GoodRecieveNotes_supplier` FOREIGN KEY (`supplier_id`) REFERENCES `supplier` (`id`)
) ENGINE=InnoDB DEFAULT CHARSET=utf8mb3;
/*!40101 SET character_set_client = @saved_cs_client */;

LOCK TABLES `goodrecievenotes` WRITE;
/*!40000 ALTER TABLE `goodrecievenotes` DISABLE KEYS */;
/*!40000 ALTER TABLE `goodrecievenotes` ENABLE KEYS */;
UNLOCK TABLES;
DROP TABLE IF EXISTS `paymentmethod`;
/*!40101 SET @saved_cs_client     = @@character_set_client */;
/*!50503 SET character_set_client = utf8mb4 */;
CREATE TABLE `paymentmethod` (
  `id` int NOT NULL AUTO_INCREMENT,
  `name` varchar(45) NOT NULL,
  PRIMARY KEY (`id`)
) ENGINE=InnoDB AUTO_INCREMENT=3 DEFAULT CHARSET=utf8mb3;
/*!40101 SET character_set_client = @saved_cs_client */;

LOCK TABLES `paymentmethod` WRITE;
/*!40000 ALTER TABLE `paymentmethod` DISABLE KEYS */;
REPLACE INTO `paymentmethod` VALUES (1,'Online Payment'),(2,'Bank Transfer');
/*!40000 ALTER TABLE `paymentmethod` ENABLE KEYS */;
UNLOCK TABLES;
DROP TABLE IF EXISTS `position`;
/*!40101 SET @saved_cs_client     = @@character_set_client */;
/*!50503 SET character_set_client = utf8mb4 */;
CREATE TABLE `position` (
  `id` int NOT NULL AUTO_INCREMENT,
  `position` varchar(45) NOT NULL,
  PRIMARY KEY (`id`)
) ENGINE=InnoDB AUTO_INCREMENT=4 DEFAULT CHARSET=utf8mb3;
/*!40101 SET character_set_client = @saved_cs_client */;

LOCK TABLES `position` WRITE;
/*!40000 ALTER TABLE `position` DISABLE KEYS */;
REPLACE INTO `position` VALUES (1,'Admin'),(2,'Cashier');
/*!40000 ALTER TABLE `position` ENABLE KEYS */;
UNLOCK TABLES;
DROP TABLE IF EXISTS `product`;
/*!40101 SET @saved_cs_client     = @@character_set_client */;
/*!50503 SET character_set_client = utf8mb4 */;
CREATE TABLE `product` (
  `id` int NOT NULL AUTO_INCREMENT,
  `name` varchar(150) NOT NULL,
  `barcode` varchar(50) DEFAULT NULL,
  `price` decimal(10,2) NOT NULL,
  `quantity` int DEFAULT '0',
  `description` text,
  `brand_id` int DEFAULT NULL,
  `category_id` int DEFAULT NULL,
  `branch_id` int DEFAULT NULL,
  `maximum_quantity` int DEFAULT '100',
  `MFD` date DEFAULT NULL,
  `EXD` date DEFAULT NULL,
  `Buying_Price` varchar(50) DEFAULT NULL,
  `Selling_Price` varchar(50) DEFAULT NULL,
  PRIMARY KEY (`id`),
  UNIQUE KEY `barcode` (`barcode`),
  KEY `brand_id` (`brand_id`),
  KEY `category_id` (`category_id`),
  KEY `branch_id` (`branch_id`),
  CONSTRAINT `product_ibfk_1` FOREIGN KEY (`brand_id`) REFERENCES `brand` (`id`),
  CONSTRAINT `product_ibfk_2` FOREIGN KEY (`category_id`) REFERENCES `category` (`id`),
  CONSTRAINT `product_ibfk_3` FOREIGN KEY (`branch_id`) REFERENCES `branch` (`id`)
) ENGINE=InnoDB AUTO_INCREMENT=73 DEFAULT CHARSET=utf8mb3;
/*!40101 SET character_set_client = @saved_cs_client */;

LOCK TABLES `product` WRITE;
/*!40000 ALTER TABLE `product` DISABLE KEYS */;
REPLACE INTO `product` VALUES (1,'Munchee Marie Biscuits 100g','4791234567890',110.00,50,'Classic Sri Lankan tea biscuit',1,2,1,100,'2025-07-17',NULL,NULL,NULL),(2,'Munchee Lemon Puff 200g','4791234567891',180.00,60,'Lemon flavored cream biscuits',1,2,1,100,NULL,NULL,NULL,NULL),(3,'Anchor Full Cream Milk Powder 400g','4791234567892',2500.00,100,'Rich and creamy milk powder',5,12,1,100,NULL,NULL,NULL,NULL),(4,'Pelwatte Fresh Milk 1L','4791234567893',210.00,200,'Pure fresh cow\'s milk',12,12,1,100,NULL,NULL,NULL,NULL),(5,'Lakspray Natto Yogurt 500g','4791234567894',450.00,150,'Healthy probiotic yogurt',10,12,2,100,NULL,NULL,NULL,NULL),(6,'Elephant House Ice Cream Vanilla 1L','4791234567895',380.00,80,'Classic vanilla ice cream',3,13,2,100,NULL,NULL,NULL,NULL),(7,'Kotmale Curd 450g','4791234567896',120.00,120,'Thick and creamy curd',12,12,3,100,NULL,NULL,NULL,NULL),(8,'Maliban Marie Biscuits 100g','4791234567897',110.00,90,'Light tea-time biscuits',8,2,1,100,NULL,NULL,NULL,NULL),(9,'Maliban Hi-5 Cookies 120g','4791234567898',140.00,75,'Chocolate chip cookies',8,2,2,100,NULL,NULL,NULL,NULL),(10,'Munchee Peanut Biscuits 150g','4791234567899',130.00,60,'Crunchy peanut cookies',16,2,3,100,NULL,NULL,NULL,NULL),(11,'Raththi Cream Crackers 200g','4791234567900',115.00,110,'Creamy savory crackers',7,2,1,100,NULL,NULL,NULL,NULL),(12,'Kist Potato Chips Salt & Vinegar 100g','4791234567901',160.00,85,'Tangy salt & vinegar chips',9,3,2,100,NULL,NULL,NULL,NULL),(13,'Kist Cheese Rings 150g','4791234567902',155.00,95,'Cheesy corn rings',9,3,3,100,NULL,NULL,NULL,NULL),(14,'Prima Cheezels 70g','4791234567903',120.00,130,'Crunchy cheese snack',11,3,1,100,NULL,NULL,NULL,NULL),(15,'Elephant House Black Tea 200g','4791234567904',220.00,140,'Strong Ceylon black tea',3,1,2,100,NULL,NULL,NULL,NULL),(16,'Lipton Yellow Label Tea 100g','4791234567905',180.00,150,'Brisk yellow label tea',1,15,3,100,NULL,NULL,NULL,NULL),(17,'Lakspray Cocoa Powder 200g','4791234567906',340.00,70,'Rich cocoa powder',10,1,1,100,NULL,NULL,NULL,NULL),(18,'Hemas Mixed Fruit Juice 1L','4791234567907',260.00,95,'Refreshing mixed fruit juice',13,1,2,100,NULL,NULL,NULL,NULL),(19,'Highland Spring Water 500ml','4791234567908',80.00,200,'Pure spring water',6,1,3,100,NULL,NULL,NULL,NULL),(20,'Pelwatte Coconut Milk 400ml','4791234567909',145.00,130,'Thick coconut milk',12,7,1,100,NULL,NULL,NULL,NULL),(21,'Lakspray Sardines in Tomato Sauce 155g','4791234567910',185.00,75,'Tinned sardines',10,7,2,100,NULL,NULL,NULL,NULL),(22,'Del Monte Pineapple Slices 567g','4791234567911',450.00,60,'Canned pineapple slices',14,7,3,100,NULL,NULL,NULL,NULL),(23,'Keells Plain Flour 1kg','4791234567912',220.00,180,'All-purpose plain flour',4,5,1,100,NULL,NULL,NULL,NULL),(24,'Keells White Bread 400g','4791234567913',125.00,90,'Soft white sandwich bread',4,5,2,100,NULL,NULL,NULL,NULL),(25,'Velona Wheat Flour 2kg','4791234567914',480.00,70,'High-quality wheat flour',14,5,3,100,NULL,NULL,NULL,NULL),(26,'Keells Frozen Chicken 500g','4791234567915',650.00,100,'IQF chicken pieces',4,13,1,100,NULL,NULL,NULL,NULL),(27,'Keells Frozen Fish Fillet 400g','4791234567916',720.00,80,'Frozen white fish fillet',4,13,2,100,NULL,NULL,NULL,NULL),(28,'Maggi 2-Minute Noodles 75g','4791234567917',40.00,300,'Instant noodles (chicken)',2,8,3,100,NULL,NULL,NULL,NULL),(29,'Heinz Tomato Ketchup 300g','4791234567918',340.00,120,'Classic tomato ketchup',1,8,1,100,NULL,NULL,NULL,NULL),(30,'Lakspray Coconut Oil 500ml','4791234567919',620.00,85,'Pure cold-pressed coconut oil',10,14,2,100,NULL,NULL,NULL,NULL),(31,'Unilever Frytol Cooking Oil 1L','4791234567920',520.00,100,'Refined sunflower oil',1,14,3,100,NULL,NULL,NULL,NULL),(32,'Sunlight Dish Wash Liquid 250ml','4791234567921',145.00,110,'Lemon fresh dish wash',15,10,1,100,NULL,NULL,NULL,NULL),(33,'Sunlight Bar Soap 100g','4791234567922',55.00,200,'Gentle cleansing soap',15,10,2,100,NULL,NULL,NULL,NULL),(34,'Lifebuoy Antibacterial Soap 75g','4791234567923',65.00,180,'Kills germs soap',1,9,3,100,NULL,NULL,NULL,NULL),(35,'Hemas Herbal Face Cream 50g','4791234567924',360.00,80,'Nourishing herbal cream',13,9,1,100,NULL,NULL,NULL,NULL),(36,'Elephant House Samba Rice 5kg','4791234567925',750.00,50,'Premium samba rice',3,4,2,100,NULL,NULL,NULL,NULL),(37,'Raththi Nadu Rice 2kg','4791234567926',300.00,120,'Broken rice for everyday use',7,4,3,100,NULL,NULL,NULL,NULL),(38,'Munchee Black Pepper Powder 50g','4791234567927',150.00,140,'Spicy ground pepper',16,6,1,100,NULL,NULL,NULL,NULL),(39,'Hemas Curry Powder 100g','4791234567928',130.00,160,'Aromatic curry blend',13,6,2,100,NULL,NULL,NULL,NULL),(40,'Elephant House Coffee Powder 200g','4791234567929',520.00,95,'Rich ground coffee',3,15,3,100,NULL,NULL,NULL,NULL),(41,'Nestle Milo 200g','4791234567930',440.00,110,'Chocolate malt drink powder',2,1,1,100,NULL,NULL,NULL,NULL),(42,'Nestle Nido Fortified Milk Powder 500g','4791234567931',1100.00,80,'Fortified milk powder',2,12,2,100,NULL,NULL,NULL,NULL),(43,'Unilever OMO Laundry Powder 1kg','4791234567932',360.00,90,'Powerful stain remover',1,10,3,100,NULL,NULL,NULL,NULL),(44,'Hemas Spark Handwash 250ml','4791234567933',220.00,130,'Gentle handwash liquid',13,9,1,100,NULL,NULL,NULL,NULL),(45,'Keells Garlic Bread 150g','4791234567934',190.00,75,'Frozen garlic bread slices',4,5,2,100,NULL,NULL,NULL,NULL),(46,'Maliban Fudgee Barr 50g','4791234567935',85.00,140,'Chocolate sponge cake bar',8,2,3,100,NULL,NULL,NULL,NULL),(47,'Munchee Riders 100g','4791234567936',120.00,130,'Butter biscuits',16,2,1,100,NULL,NULL,NULL,NULL),(48,'Lakspray Peanut Butter 340g','4791234567937',1130.00,50,'Crunchy peanut butter',10,5,2,100,NULL,NULL,NULL,NULL),(49,'Elephant House Mint Toffee 200g','4791234567938',210.00,70,'Refreshing mint toffees',3,3,3,100,NULL,NULL,NULL,NULL),(50,'Pelwatte Ghee 200g','4791234567939',420.00,65,'Clarified butter (ghee)',12,14,1,100,NULL,NULL,NULL,NULL),(51,'Anchor Butter Salted 200g','4791234567940',480.00,80,'Creamy salted butter',5,12,2,100,NULL,NULL,NULL,NULL),(52,'Nestle KitKat 4-finger 45g','4791234567941',160.00,120,'Chocolate wafer bar',2,3,3,100,NULL,NULL,NULL,NULL),(53,'Prima Puffs Cheese 60g','4791234567942',115.00,150,'Cheesy corn puffs',11,3,1,100,NULL,NULL,NULL,NULL),(54,'Sunlight Lemon Dishwasher Tablets 20pc','4791234567943',890.00,60,'Lemon-scented tablets',15,10,2,100,NULL,NULL,NULL,NULL),(55,'Unilever Vaseline Petroleum Jelly 100g','4791234567944',250.00,100,'Multi-purpose jelly',1,9,3,100,NULL,NULL,NULL,NULL),(56,'Raththi Idli String 200g','4791234567945',150.00,70,'Pre-mixed idli batter',7,8,1,100,NULL,NULL,NULL,NULL),(57,'Keells Mixed Vegetable Curry 300g','4791234567946',230.00,85,'Ready-to-eat curry',4,8,2,100,NULL,NULL,NULL,NULL),(58,'Maliban Treat Cream 150g','4791234567947',125.00,110,'Cream-filled chocolate biscuits',8,2,3,100,NULL,NULL,NULL,NULL),(59,'Munchee Skippers 160g','4791234567948',135.00,90,'Butter sweet biscuits',16,2,1,100,NULL,NULL,NULL,NULL),(60,'Lakspray Evaporated Milk 410g','4791234567949',180.00,140,'Creamy evaporated milk',10,12,2,100,NULL,NULL,NULL,NULL),(61,'Hemas Tomato Ketchup 500g','4791234567950',380.00,75,'Thick tomato ketchup',13,8,3,100,NULL,NULL,NULL,NULL),(62,'Elephant House Dry Fish Sambal 200g','4791234567951',320.00,55,'Spicy dry fish condiment',3,6,1,100,NULL,NULL,NULL,NULL),(63,'Nestle Yogurt Strawberry 150g','4791234567952',160.00,80,'Fruit-flavored yogurt',2,12,2,100,NULL,NULL,NULL,NULL),(64,'Unilever Sunsilk Shampoo 340ml','4791234567953',350.00,120,'Nourishing hair shampoo',1,9,3,100,NULL,NULL,NULL,NULL),(65,'Keells Mixed Dal 500g','4791234567954',280.00,100,'Protein-rich lentil mix',4,4,1,100,NULL,NULL,NULL,NULL),(66,'Pelwatte UHT Milk 1L','4791234567955',220.00,150,'Long-life UHT milk',12,12,2,100,NULL,NULL,NULL,NULL),(67,'Hemas Ice Cream Chocolate 1L','4791234567956',380.00,90,'Premium chocolate ice cream',13,13,3,100,NULL,NULL,NULL,NULL),(68,'Anchor Cheddar Cheese 200g','4791234567957',1130.00,60,'Mature cheddar cheese',5,12,1,100,NULL,NULL,NULL,NULL),(69,'Raththi Papadam 100g','4791234567958',90.00,140,'Crispy rice papadams',7,8,2,100,NULL,NULL,NULL,NULL),(70,'Maliban Melting Moments 120g','4791234567959',160.00,85,'Buttery sandwich biscuits',8,2,3,100,NULL,NULL,NULL,NULL),(71,'Munchee Nice Time 150g','4791234567960',140.00,95,'Chocolate layered biscuits',16,3,1,100,NULL,NULL,NULL,NULL),(72,'Lakspray Evaporated Milk 170g','4791234567961',100.00,110,'Small tin evaporated milk',10,12,2,100,NULL,NULL,NULL,NULL);
/*!40000 ALTER TABLE `product` ENABLE KEYS */;
UNLOCK TABLES;
DROP TABLE IF EXISTS `sales`;
/*!40101 SET @saved_cs_client     = @@character_set_client */;
/*!50503 SET character_set_client = utf8mb4 */;
CREATE TABLE `sales` (
  `id` int NOT NULL AUTO_INCREMENT,
  `product_id` int NOT NULL,
  `quantity` int NOT NULL,
  `total_price` decimal(10,2) NOT NULL,
  `profit` decimal(10,2) NOT NULL,
  `sale_date` datetime NOT NULL DEFAULT CURRENT_TIMESTAMP,
  PRIMARY KEY (`id`),
  KEY `product_id` (`product_id`),
  CONSTRAINT `sales_ibfk_1` FOREIGN KEY (`product_id`) REFERENCES `product` (`id`)
) ENGINE=InnoDB AUTO_INCREMENT=21 DEFAULT CHARSET=utf8mb3;
/*!40101 SET character_set_client = @saved_cs_client */;

LOCK TABLES `sales` WRITE;
/*!40000 ALTER TABLE `sales` DISABLE KEYS */;
REPLACE INTO `sales` VALUES (1,1,5,550.00,55.00,'2025-07-01 09:15:22'),(2,3,2,5000.00,500.00,'2025-07-01 10:30:45'),(3,8,3,330.00,33.00,'2025-07-01 11:45:10'),(4,23,1,220.00,22.00,'2025-07-01 14:20:33'),(5,29,2,680.00,68.00,'2025-07-01 16:55:18'),(6,5,4,1800.00,180.00,'2025-07-02 08:30:12'),(7,9,5,700.00,70.00,'2025-07-02 10:15:27'),(8,12,3,480.00,48.00,'2025-07-02 12:40:55'),(9,18,2,520.00,52.00,'2025-07-02 15:25:40'),(10,30,1,620.00,62.00,'2025-07-02 17:10:05'),(11,7,6,720.00,72.00,'2025-07-03 09:45:33'),(12,10,4,520.00,52.00,'2025-07-03 11:30:18'),(13,13,5,775.00,77.50,'2025-07-03 13:15:42'),(14,16,3,540.00,54.00,'2025-07-03 15:50:27'),(15,20,2,290.00,29.00,'2025-07-03 18:25:10'),(16,41,2,880.00,88.00,'2025-07-14 10:30:15'),(17,52,5,800.00,80.00,'2025-07-14 12:45:30'),(18,64,3,1050.00,105.00,'2025-07-14 15:20:45'),(19,68,1,1130.00,113.00,'2025-07-14 17:35:20');
/*!40000 ALTER TABLE `sales` ENABLE KEYS */;
UNLOCK TABLES;
DROP TABLE IF EXISTS `status`;
/*!40101 SET @saved_cs_client     = @@character_set_client */;
/*!50503 SET character_set_client = utf8mb4 */;
CREATE TABLE `status` (
  `id` int NOT NULL AUTO_INCREMENT,
  `name` varchar(45) NOT NULL,
  PRIMARY KEY (`id`)
) ENGINE=InnoDB AUTO_INCREMENT=3 DEFAULT CHARSET=utf8mb3;
/*!40101 SET character_set_client = @saved_cs_client */;

LOCK TABLES `status` WRITE;
/*!40000 ALTER TABLE `status` DISABLE KEYS */;
REPLACE INTO `status` VALUES (1,'Active'),(2,'Deactive');
/*!40000 ALTER TABLE `status` ENABLE KEYS */;
UNLOCK TABLES;
DROP TABLE IF EXISTS `supplier`;
/*!40101 SET @saved_cs_client     = @@character_set_client */;
/*!50503 SET character_set_client = utf8mb4 */;
CREATE TABLE `supplier` (
  `id` int NOT NULL AUTO_INCREMENT,
  `email` varchar(45) NOT NULL,
  `mobile` varchar(45) NOT NULL,
  `first_name` varchar(50) CHARACTER SET utf8mb3 COLLATE utf8mb3_general_ci NOT NULL,
  `last_name` varchar(50) CHARACTER SET utf8mb3 COLLATE utf8mb3_general_ci NOT NULL,
  `dob` date NOT NULL,
  `Nic` varchar(45) NOT NULL,
  `SupplyingCateogry_id` int NOT NULL,
  `status_id` int NOT NULL,
  `PaymentMethod_Id` int NOT NULL,
  `PaymentMethod_Method` varchar(45) NOT NULL,
  PRIMARY KEY (`id`),
  KEY `fk_Supplier_SupplyingCateogry1_idx` (`SupplyingCateogry_id`),
  KEY `fk_Supplier_status1_idx` (`status_id`),
  KEY `fk_supplier_PaymentMethod1_idx` (`PaymentMethod_Id`,`PaymentMethod_Method`),
  CONSTRAINT `fk_supplier_PaymentMethod1` FOREIGN KEY (`PaymentMethod_Id`, `PaymentMethod_Method`) REFERENCES `mydb`.`paymentmethod` (`Id`, `Method`),
  CONSTRAINT `fk_Supplier_status1` FOREIGN KEY (`status_id`) REFERENCES `status` (`id`),
  CONSTRAINT `fk_Supplier_SupplyingCateogry1` FOREIGN KEY (`SupplyingCateogry_id`) REFERENCES `supplyingcateogry` (`id`)
) ENGINE=InnoDB AUTO_INCREMENT=137 DEFAULT CHARSET=utf8mb3;
/*!40101 SET character_set_client = @saved_cs_client */;

LOCK TABLES `supplier` WRITE;
/*!40000 ALTER TABLE `supplier` DISABLE KEYS */;
REPLACE INTO `supplier` VALUES (96,'supplier1@example.com','0771000001','Nimal','Perera','1990-01-01','902341234V',1,1,0,''),(97,'supplier2@example.com','0771000002','Sunil','Fernando','1985-05-11','852347812V',2,1,0,''),(98,'supplier3@example.com','0771000003','Kamal','Bandara','1992-03-15','921234981V',3,1,0,''),(99,'supplier4@example.com','0771000004','Amal','Jayasinghe','1993-04-17','932489174V',4,1,0,''),(100,'supplier5@example.com','0771000005','Ruwan','Senanayake','1988-12-05','882398479V',5,1,0,''),(101,'supplier6@example.com','0771000006','Chandana','Herath','1991-07-22','911238471V',6,1,0,''),(102,'supplier7@example.com','0771000007','Asela','Wijesinghe','1994-02-10','941232174V',7,1,0,''),(103,'supplier8@example.com','0771000008','Nadeesha','Lakmali','1995-06-19','952139478V',8,1,0,''),(104,'supplier9@example.com','0771000009','Tharindu','Dias','1990-09-09','902149875V',9,1,0,''),(105,'supplier10@example.com','0771000010','Isuru','Ranasinghe','1987-08-30','872319857V',10,1,0,''),(106,'supplier11@example.com','0771000011','Dinusha','Wijeratne','1989-01-23','891237589V',11,1,0,''),(107,'supplier12@example.com','0771000012','Suresh','Abeykoon','1993-02-14','931248127V',12,1,0,''),(108,'supplier13@example.com','0771000013','Pradeep','Silva','1991-10-28','911239125V',13,1,0,''),(109,'supplier14@example.com','0771000014','Lahiru','Madushanka','1994-04-09','942311478V',14,1,0,''),(110,'supplier15@example.com','0771000015','Sachini','Kumari','1992-11-11','922143871V',15,1,0,''),(111,'supplier16@example.com','0771000016','Anura','Gunasekara','1986-07-06','861245189V',16,1,0,''),(112,'supplier17@example.com','0771000017','Dulani','Rathnayake','1990-12-22','901247189V',17,1,0,''),(113,'supplier18@example.com','0771000018','Kasun','Rajapaksha','1995-03-03','951234571V',18,1,0,''),(114,'supplier19@example.com','0771000019','Indika','Samarakoon','1993-05-27','931258741V',19,1,0,''),(115,'supplier20@example.com','0771000020','Thilina','Abeywardena','1996-09-13','961247512V',20,1,0,''),(116,'supplier21@example.com','0771000021','Sameera','Jayalath','1991-01-20','911237845V',1,1,0,''),(117,'supplier22@example.com','0771000022','Kavindi','Perera','1992-02-15','921237895V',2,1,0,''),(118,'supplier23@example.com','0771000023','Nuwan','Rathnayake','1990-05-01','902147891V',3,1,0,''),(119,'supplier24@example.com','0771000024','Chamari','Athukorala','1994-08-12','941248951V',4,1,0,''),(120,'supplier25@example.com','0771000025','Bimal','Silva','1989-10-10','891239471V',5,1,0,''),(121,'supplier26@example.com','0771000026','Shehani','Fonseka','1993-03-16','931249875V',6,1,0,''),(122,'supplier27@example.com','0771000027','Ramesh','Dissanayake','1988-06-18','881247191V',7,1,0,''),(123,'supplier28@example.com','0771000028','Pasindu','Weerasinghe','1991-04-04','911234581V',8,1,0,''),(124,'supplier29@example.com','0771000029','Janitha','Karunaratne','1995-01-30','951248137V',9,1,0,''),(125,'supplier30@example.com','0771000030','Chamara','Nawaratne','1990-07-19','902314789V',10,1,0,''),(126,'supplier31@example.com','0771000031','Sanduni','Hettiarachchi','1992-09-25','922157814V',11,1,0,''),(127,'supplier32@example.com','0771000032','Hiran','Abeywickrama','1994-11-17','942148719V',12,1,0,''),(128,'supplier33@example.com','0771000033','Tharanga','Jayawardena','1987-02-22','872149875V',13,1,0,''),(129,'supplier34@example.com','0771000034','Dineth','Kariyawasam','1986-03-03','862314719V',14,1,0,''),(130,'supplier35@example.com','0771000035','Nimesha','Thushari','1995-05-15','952148951V',15,1,0,''),(131,'supplier36@example.com','0771000036','Roshan','Gunathilaka','1989-06-06','892148951V',16,1,0,''),(132,'supplier37@example.com','0771000037','Upeksha','Senarathne','1993-07-07','932148951V',17,1,0,''),(133,'supplier38@example.com','0771000038','Malith','Alwis','1991-08-08','912148951V',18,1,0,''),(134,'supplier39@example.com','0771000039','Chamika','Perera','1992-09-09','922148951V',19,1,0,''),(135,'supplier40@example.com','0771000040','Sahan','Fernando','1988-10-10','882148951V',20,1,0,'');
/*!40000 ALTER TABLE `supplier` ENABLE KEYS */;
UNLOCK TABLES;
DROP TABLE IF EXISTS `supplyingcateogry`;
/*!40101 SET @saved_cs_client     = @@character_set_client */;
/*!50503 SET character_set_client = utf8mb4 */;
CREATE TABLE `supplyingcateogry` (
  `id` int NOT NULL AUTO_INCREMENT,
  `Name` varchar(45) NOT NULL,
  PRIMARY KEY (`id`)
) ENGINE=InnoDB AUTO_INCREMENT=22 DEFAULT CHARSET=utf8mb3;
/*!40101 SET character_set_client = @saved_cs_client */;

LOCK TABLES `supplyingcateogry` WRITE;
/*!40000 ALTER TABLE `supplyingcateogry` DISABLE KEYS */;
REPLACE INTO `supplyingcateogry` VALUES (1,'Food'),(2,'Vegetables'),(3,'Fruits'),(4,'Dairy Products'),(5,'Meat'),(6,'Seafood'),(7,'Bakery Items'),(8,'Beverages'),(9,'Snacks'),(10,'Frozen Foods'),(11,'Spices'),(12,'Cleaning Supplies'),(13,'Stationery'),(14,'Electronics'),(15,'Plastic Goods'),(16,'Grains'),(17,'Canned Foods'),(18,'Household Items'),(19,'Health Products'),(20,'Beauty Products'),(21,'Toys');
/*!40000 ALTER TABLE `supplyingcateogry` ENABLE KEYS */;
UNLOCK TABLES;
DROP TABLE IF EXISTS `user`;
/*!40101 SET @saved_cs_client     = @@character_set_client */;
/*!50503 SET character_set_client = utf8mb4 */;
CREATE TABLE `user` (
  `id` int NOT NULL AUTO_INCREMENT,
  `email` varchar(45) NOT NULL,
  `mobile` varchar(45) NOT NULL,
  `password` varchar(45) NOT NULL,
  `Position_id` int NOT NULL,
  `Status_id` int NOT NULL,
  `username` varchar(45) NOT NULL,
  `first_name` varchar(50) CHARACTER SET utf8mb3 COLLATE utf8mb3_general_ci DEFAULT NULL,
  `last_name` varchar(50) CHARACTER SET utf8mb3 COLLATE utf8mb3_general_ci DEFAULT NULL,
  `dob` date DEFAULT NULL,
  `profile_image` longblob,
  PRIMARY KEY (`id`),
  KEY `fk_user_Position_idx` (`Position_id`),
  KEY `fk_user_Status1_idx` (`Status_id`),
  CONSTRAINT `fk_user_Position` FOREIGN KEY (`Position_id`) REFERENCES `position` (`id`),
  CONSTRAINT `fk_user_Status1` FOREIGN KEY (`Status_id`) REFERENCES `status` (`id`)
) ENGINE=InnoDB AUTO_INCREMENT=96 DEFAULT CHARSET=utf8mb3;
/*!40101 SET character_set_client = @saved_cs_client */;

LOCK TABLES `user` WRITE;
/*!40000 ALTER TABLE `user` DISABLE KEYS */;
REPLACE INTO `user` VALUES (1,'ramindu.jiat@gmail.com','0776168954','*0776*Ramindu',1,1,'Ramindu2008','Ramindu','Ravihansa','2025-07-08',_binary '\\\0JFIF\0\0\0\0\0\0\\0\0!!2$\'$\'$2M080080MDRC>CRDz_UU_zvpv\\\!!2$\'$\'$2M080080MDRC>CRDz_UU_zvpv\\\\\0\0\"\0\\0/\0\0\0\0\0\0\0\0\0\0\0\0\0\0\0\0\0\0\0\0\0\0\0\0\\0\0\0\0@\0\0\0\0\0\0\0\0\0\0\0\0\0\0\0\0\0\0\0\0\0\0\0\0\0\0\0\0\0\0\0\0\0\0\0\0\0\0\0\0\0\0\0\0\0\X\\l#w\07y\nۘ\\:LSNqz\c:9zS\\:^cw\\l\r6\N\y}_>o\8v\\\5\<k\\\\\|\\^[,\\\\\n\0>OOOkG\ryS\t\\X\woq\\\\o\\7\O/|s\\-\\\\%\~o<\\\|\\\:t\z<>||3_K\_O\^p9\\\5b,\0\0\0\0C9\ηq\0\0(\0\0( ߇}G\>t\\\댒,m\*=3\\8\MuTX@fg\#\\\KeRM6\j)E\nz|ަ}\~`9f\6,\0,\0B\\h\\0\n\0\0\nd\΀\0\0\0/~\x=g=qn\NyU\\<\֗;3zk\'t\:\\u\7\gny\\//<\*\y\\l\G)yn)b)\0z|ޛxߘ>oO<\\\`\0\0@\017w: \0\0\0p׌\\>O\X\0\0w\\xZ\#=g^qzs	ۈ\ʖz<޼s\\z\%\cN\΍\\\\8\'~\yu囫\\K\\{zb󗗗\\\gn:V9\\\\\-U\nz|ޛxߜ\'>87\\_\\(\0K\0cy&\k³\ߟ\`\0\\M\\\\\\s\c6,\0w\\\P,\\\ܼu{w\&~>\\j\\\\q\ \\\z9z\'p\q/o\7:\Z\ZYTP!\\,\^?\\L|>\\,\0@\n\0C\\ɛ\\I|\\;\z<\Z\\\\y\\O/Iu=\\9\0\0/~\x&\\	@Kb\^~G=ys{\\\W.\}\E\zt\Kn\r_7Ln\\\C8r\\jp\E\ueYeB7p\\0<_o\\\;\\sbΞHo/6\0\MZ\\<1O-3\\OSy\0K\0_gL\Xų6wO\z\u\\\\\0w\xYq\\Z\.\hA\\\\\s\r\\{\W\\\{=>{\\'<yY\\\G/G&7\\\蓿\\\Z\\:c%.f\sUVX^7p\\0<=>lnsƉ&i\8\\秿\%\\n\"?_]s\k:\.j\<\s\\\\d\0\\\+\\\\kNx\^\\':\rۻ[wy}^I\\\\I5	\\干/?~w\Z\\\\kSx\ׇvz\\\Y\W\ZǛ\\\XԾ7\3}\\/\\8\\Z\\u,ǫ+5\T4\\zS\7\'\\\\,\7\rk/O-gxl\Z\\5%*X\n\0\㩌jg\7G@3\\T\\\\\;\=k/e\\\\LX\\\\{\\\[s=ZW\;\\\8}u\5\]u\\˧#X\\	k%\.}yq\65ەϢ\	\\|鞾N\+\\\yt\%ϦgxsYo\neZ^7=\|\0\x=\n{\uέ\[\|\(\\\~\0ϡc+`}>u5|\7=ϓ\Ϥ\c9}sŞϫ\\{z\\\\绞fu\/|λ\L\\\?gL,\G^C=sN\{ӟ>fzf\o\Z\f355\X:LY\\'lkY\e\r\y\9\MbT]\l\-c^[5.\'^[f\cRL\u\PUz|ޔ\\r\\˶9o͇\r=<%\z(pμ}7\\(>\\:\͟GX\[ۂ>W\\\\\|W\Z\K5\\\U³\\\G?gL\%X\\\Ը\R\\\\\aϮ\\sƈP%\*\\\Ϣ,\\V\\VłnE\\\7\?\Ǟw\\\<kLv&u\/[/Ǹ<~ތj(	\r\cPףʚ\y=\go-\u䏧\=~8XӤs{Ɲ=H\\\\\\u\\\ۊt\9/.\Vu\\\m]\jAu/b\05K*\\\\\~s\I,\Z\/\n:^Uz9\~>\ <x\Xv\\rjd\\\\\X\lMz|76\?gά.tcxM&[V~\\\p\\ĳ\\jQ(Ѭ\k\yX\zuIB\\\Q\~\t\=z\\\\YyF\Wr\y\\\0.ju\\t\3\, \\\"\\/W0Z\믤/ <o\t\\KƵ朵uuسvj 7\\\\\\\\\\IbK\Mdϯ\ѯN:\>$\\^vnlWd\W}<\\\\y\\\\\PC]\\o\\'LN\;E\\\\7\\\jQإ\:s]1\r\u\0	,	ӟYӠϪKŖXi,8\5\Yo0\'\ǯ<_\\\\\\k\{NY\g2\2\h\_\"^L\kԔ\V\\\\-\Ky\`\\e\\3;׫\\KL\Z:<\\\|ֺ<\\\N\<\\k5/Ny\\\i,u@\c\:@\0P\\'n=\]Y\JE#\\5\\r\溸5b\\z\\s\L_\'=?|jgY\\\yX\\Y\\傌\J\\\̰ơd/\Ѯ\\>\\#x\X\ԢS\\\\{NV\'y|ϧ\\\b-\Fr\i\Y̫\df\w\\'e>wO_>s\\\\\\\\T\\O5\?\\1y\Q8\͘탞:渷\=<|\K\\Rcp\\YFu	e\Z\\7wܛ\יeHȫӗIs\\v\\LD\r|>\\\˻\\\\X\0[K\q3Vl\Z\Y\\eas2\Y\w\\vϧy\LR{\{Ɩz\מ*U\\z\\rs\y=>(\x\kѿ2_M\[\=3ˋ=|9,\,Y\r\Y (\CL\n)}Y\<\\=\wsV%\t̹\y\\\\\oy~\y|ϧ\\I\)b\@]\u\%\\f	j\\gY}Xs\\,5\Yn\pϣW:Lcfg\;/iϧ=p\S>7>\0>W\\\0\0R\0Qb.u\r^{4d\ʷ4\Yʔ:t\\\Ux8n7\Ͽ\,g\\\7o\\\_3\\\'mHi]M$\\MMm,^\Ǘ\\\\t\ui\oY]cx*w\\=\ϯ\\s\ywk,\/\"/\r2]27\\z\\\rs\ \nX,,\0d54h\)e\0\M%\{\\f\\&l\'.b\\\^:\y|\\ڡnQj\N]m\\\zqǧ\/$\w\cx\,\:5,Tv\\z(\uu\{\ΝYK\ry\\zϨ/0>O\\@\n`I@\0\\\d\ Qb-\k\\;\\kH\\Iu>\\\\\Y|\uc=b\Jז\Rԗ\3Œٍ\\\VW)\ԱD%yuϢݬ\!P.u\c~J\\O.\0>/o\0\0	K`*\n\n\0\0P\.\\2iϯ25\v\{9\~\Q\~ʻ\3\,\Z\:\rtJʗ!\xםs)\ԱR\YIӟL\Y\YHZD(̦9ߔ(\\O.\0>/o\0`@\0BX*P@\0\0@\0\0\0\;Ny]\\0/\ެ\\\\\.\KW-d	`޹\\PY.f&7y\[\\\\4.F;\o\\\ywk\**&5\,YG\\O.\0>/o\0\0\n \0\0\"\0\0\0\0\0\0\09\\3_/\|h\mH[\0!*\	S5\,\fs\\^y\\΢7e&uk:Y5,:{^k<gO=\k\\\,PP\'>>/o\0\0\0\0\0\0P\0\0(\0\0B\0,@\0\0O\_u_\'\|Ә\PPR,\\\b\:b\\/ݔ̰΋\@\\\{1{\\36;\-:d\n%/\\\\rs6(ͣ\Z(\"(363h\"3b(\"(\"\Zc\0\0C-\\0AttP%$6M\0Д\0g@!ڠ\0\ϟd\E\d\<u}o!=W\=o\<p\Q=\\0\\\澤>_{\ν\k\=\<#\\\\\s\=\\<#\\\<%\\<#\\\\0a\\\O27\=O(\\\\\\Oc\=\h\<c\\[\=z\tE\\\\s\<T\\}/1}O(\Nٞk\\\=3\&7˹K͝c\<\_WO\\4\\\宮Z]\4\sR5L7Nn\N\\\P\\\K͖\0\0\0@B*c\\\	@\0%0\0*P\0\0u\\*k|-\n\rdܭԉ*H\\"zv\\t\\r\l\;+EU\\\\0J(D9˙jH*\0\0@P\0\\>?ظx=\0>9YΥ*9@P(@\0u\\!&7¥J\".l\0\n@Ew\ݯh\\\\\P4*\nt\Ԕ$+0\=d*؅PP ,\n\\0a\?61L\\55sMH20)e@	a,}ynX\Mn4dD*U,\0)g~[\\\pJR\I5jPgPe\0*\n\0\0\\0a\,3:\lR&SR\+(\0Kr]ENXg!a\2Ll\iR\+4)I߇v{\\\\\66:60\p\\Њ\'q\\\\kUp\\\\N9\\ģ6\r\0( (\0z\X|ϧ\\pPB܍B%\II7-]`F\D\[sJ\k\Z\慨Mf\\k:w\zOpހ\\\\\0\0(ƍ\0+W[\\MC3Eɔ\\np\\rP\0\0(\0\0\\>?ع|\\αlPc\%\u\'?GM3Iwe\d\0DfK(37	QJ\'c\6\˯$\0«\ZI@<an\\ԕeYl3#qLc,Δ\0((\"\\>?\e\ˌt\ĲfT\ϧ+Sr9\;p\.Y;n\L%*\"Ֆd\\\\IMMs ,\eȲ\^/Ϡ4\˯$\0\0#;\n!fs\\^\:\q+Is35ny\iV\:a	\"*P\0\0\0c\_3\,\\rk\fj\6[7s\\;sӞyhŖ\	\r MAnMH%\-ʺ1噬z|@<\@\0\0\0J$\L\\뎳.\/^]b\3\R]3YϦk\yR\0RP\0\0\0\\G\e\ʗ3QhIM\{̚\=Ӎ\=t\\1\\\1b⠩w:\鋙( ֹ\lB\\\\x\?.\0P@@@;ay\ɮ]53n.%^wN#RƲ\p(\0\n\0HR,:\\\Ȍ\(,mfz\f:fj\5\r\VJ3h͗i&\ˌ\\\IM\\\L\\Y\5eo\\O4\˯$\0\0\0X(\"\,˯9m\.RN\\wX52[s1s,P\nQ\0\n\^G\\0\"9\\ִ[M\\k\\]cjVvYDe.3yM\\r\&3R3\\\Nul\SnV^{ϴN\lW\x\\˯$\n\0\0(,537=\"d\\;1w%,!yX4\PYeZ\"[\i\|s\U\ݒ;r,Ԅh\|\b:s,o=\\;\\\=DiVunk3|\\\Yyf\VCW#\\\gY\\\z\\5\0\\\\\0\n\0\nfʘ\I\k:\;wYeSud+[\\-՗-.\곓\.Ë\\\|\אhE#Y͡κg#|\2K\tιn\x\R\\\\y\"\}1\=8\m\j\\23#wah#P?.\0\0 \0\ʺ8\{㣷,$7)}f\4SY\R\ƥ\n-]E\0׻\\\^A\0\0`\X\r\\Z\.wؖ\\̗w\Y\2jΝ\s4k	5sWZ\Nsæl/Ϥ,\˯(\0\0q\\n\\0B\E\Y$\-\\LՖ[\w2\\5N\Z^\ᣳ:\lX7\\\\Ɨi` JX\0\YP&\\\<떲\:\٭enne\ɽDjo\gWY\M%zơ.IJ\\\\\\\\\X*\nAa4Έ\"\n\\\ljj\sR69\,Ĳ\,%/Nh\\\+\\w@]>\|o\\\Z\0\0\0\0\rkW^[x\-R\.oLuγuͭ9\\\ۡ)%Zƍf\Mr\'Xb>vo\\4\0`\4BK	`4!B\:Ք\L\,\Md	H@P7\\,\17\\\\Ɨ\0\n\0\05nk\Yj\ed\S\c!sӝ\\V7̲FK˯+\\>\\q\MX(*r\-\n.Bk4	T\j\:qY,E%(\o*\w\}\e\. X)\n\09\ί.iI3V.t\\\S%DQb\\p\.^\'>o\\\\Sٮ3D7\YJd\0\r\",^o5\]\\\\\\)H-&*\"=?S\\?yK.\0\0	\0X*\0/N]&>YjD\cW4;\gSR\3R\	h\*g\n^\@>g\⪔\^\Z\kKT%\>ٳ.h *PB\[lݗ:G4͗RY\RV\b\\0a\m8\0\0\0@\0\0!ӟIueͳL٭H,B\gIV\	z\5\\29YDD6\yA\\\\0?_k,:u\u%kRX\>0.D\0\0\0\e\Β:[\\0\0@c\|_\t\.\0\0\0e.\	r,Y@zL\<\[=\\\\k+&R\KsR\\<^>w\嚘\j\"\`\\Ψ[(ϮL@\0(\0\0Z\0R\\Z\*P\0:\\~\\Ӑ\0\0\0%K\0\0.f%؋SS17Y:o\I5\"\\\.@\_Omd\5`9t}\3s϶kY\\K.HJ\0\0RK!e5{\0\0c\|_\t\5)e\\l\0\0h,eH,!޹\Φ7\a`@	G\\>d\\yf\\˚)ӟl\\\eCGK,.A\0\0\0e\0Eo4\0\n\\>?\G\_NCZ\0eΦu@h\%\0P\"\DKt\e\\j\0e\'>@>o\bk\O>D\>K\\\j_\ů]<oi|O侱>K\\侴>Sꏔ\侴>US\+侰/>K\#侨:o価>c鏘d\\\^}>C\O>S\\\_\\\DO\>O>S\\ߧW\Ϩ\>_oO\>>/>Sꏙ>K\\/>K\\\ߪ>O\\\CLL2M24\\CH+4*\n\0\"X)\n\r24\\#L3d\\n4\*\n*\n4\\9:9C;8\#\\N\#\\;8\(\\N\#\`\\t\\3s\۟S\\f\\=+.\fgx\+T\n\M\\\k[9`CZ阙\Ϧ\":\\\CTBĴ\0~\\\c 	X]\\Z(\0\0\0|YD,JX*U\0\0\0\\\鋀<=wKxw\1ۏya-\\Ʈ:c[\Y\9\ֺc\+4s՝$h\d\\U\ri\n\u:ޗ7\\L,3\r\\Ί\0\0\p\B$\0CIT \0\0(\>\o<\_?mo\\q}8\^}9\$\\\[\\|\\y\;W>1\u\XoY\x7\\\\\z\\8\*l\0@=>\'\\\ J$IVZ\0/\(isRq0Գ3PJ\(RA@\0\0!I\\鋀<~^7\VYE,\0bN\+YF5k:i)e,K\rjVf5+U!\0P\0\08\\\\O_2\09\T\0\0f\\:\5KR\MfĲȰK\r%\0P\0\0\\O.\0\\\p{\L\Z\\\\\Z[\l\*+r嘂\\nl\ݱd錎[2d1`\0E.\߇w\\2\0\0\0\0P\0\9r\\u\L\5,$ԳYȰ\(\0P\0z鋀<|;\j\Zj\0\\gy\\łVAfΌ\h\\9秚\wz0]\0\Yc]:z<O_2\0\0\0\0P\VL\nCX	*\\\\Y\	@\0\0\0z鋀<|;\\nl\xsj\ru\{\խj\\\jf\\\u\\\Ͽ\\0\t*\ZE\\rKonnw\\{Xy=~F2\0\0\0\0ß=\b%o͙Vb\RT\.d	@\0\0\0z鋀<;\vR\;\s5\^q/r4-ŏ^8\n\wI偼zk.\,.MA\'N}t܍fCxޔ\0\\s\\0\0\0\0;\\\R\\\cYL\\`ܐ\:5\e\0\0\0(/>\ÿ`P\ZʺIY:\Nps4U`/\\^wV\\\g\\\z>\\j`y\K\^z\7\y=~Fr\0B\0\0	\\e繝\\rZY\ܳ9\̵c+gY5l\0P\0\0zB\\'@\0-\\\)`\n\Ut\\%\,Fk-\\4Fu\f\ѨgY!N\\{fO_\ \0\0u\\\\\\,4\.hY,Ibɝf\\Z0\3A\0\\O.@\p\\v\\\47ǧ+dq\nz\-\ZVU\\IQ/\\\5oU%h\.DGS=\|7\䬀\0P\0\0Vq\:\1\\>\Z܅\x\\\Aa(\V\n\;;\?\@\y|ݚ\c*\0gP\\\\=|c\\\_{\9\\)\nX,\~>=\E\z.w\;ǟY\/N]&\VF\\g\'\\O_̀\0P\\\n͝L3\+Jaw1lSLsb\\ʸ-P]A@\\=@<|zݷ\njWo\\\\fn:\gU\^\Y\yOg,ze\\\xYYRt綴\'Alή\Z\X\\\\\\O_̠\0.W<54\Iӝ\[\DZ\s:s\5eYu(@?\	\0oW\s1u%Z\+#Q/~ߟ\q\\뽒~\/&#N\\\um\\8<9\yɼnkBt\0\ra\nN\S^\/\\\@%c\\kF\0\r\\w\\Iy\1lD@,\C{\\-(Z\n5(\0?\	\0oGڡh\0⹾gNh8t\\\\n^7\\Z\|=\^IXIMu\Ѭ\\O|_GD\ee`\\{z<{^7\\\x͋jr7<\\\O5;s\Pk%\\ζ\\5 P\5\0糥6\,\0\\=@>w\\va*UYS^tOV&\\X\\W|żXr\\YYX\\\K\rna#u\5(\zMF>\\\'\\c$ ,CH\05繦ue\,ȱ\0\^γh*Z\,\0\\=@>o\\t\nl\5\Mgxh\~{l\\\\\\˧;ӟE\Au\\$\\\\k=잿\\\\R\5*s %\\Δ\gQ2Q(e^ƣIeYj(@?\	\0O_tYѬ@X9\/\0:s\\ZEg\\\\\Xb T\ځ	M[\'Y5\,V\\\V\=K\x\O}/\\|ߥ\\yDDJ\0\Z̈́\,\0Ve\YRMJ\\\]syjT\nZ%[(,\0\\=@>g\\/N{jK\0Z\Y1\k;[\WN{N\I\ǧ;ʆ@`k#P:]tԹˋnl&I{i{q\\z}/\\7\%9DD*X,`j[W4IJ\E\\\\lT\0\\=@>g\\X*PC\\ӟV>Ƴ\Y\8\V\̹FM	\"\\]	EN\]9z$\\\y\?[\\\\'\|\,Vl\0P\@SYVYmZC-DK,`\n\ro\\\\\\\*\\\=@>_\䛔R\n3پX\\:MXT\=<|ʆ$\net&\.{g)27=hԼ\\|\.yY K\0*\n,w:ͶYmd\>sY\nl`\no܊7\\zϨ$\=>92Z\0\00/+\t\.Z\M+Y	Odyr\\\Rf\b.v&.eЛ,\\?S\}\\0\"R\\0\0\0*uӗ\\ՖUr\Z	Q( YD\0\0X\\zϨ$\~IZ\T\0\0tcxk=&%\0\\myr\4#H7Ϯ\\\:h%ːJVQp\Gi8]_\\\|vy!\0D-J@\0\0B\\^7x\j\KR˒\0	Ai\\zϨ$\x6j]\W*H(\\VY7T\\ӗv\\\*ICYfeF\Q\\\0\\\\\\t\\\z\\\k9 \0YA@@\0-.lYb5*\XX	+L)%\'\~t\=c\\#\<od<\<t<\O$\\\_c\\\\i-\V|\\\>Oe<o`\ɏw3ǯX\=c\}c\\%\>jv׷\\a\ς\\\\$\#\<\<o`\\\\<w\<\<o`\\\%\&}\\=\\#\}t\\a|Oh\_a<obod<\O\<s\\0\0\0\0\0\0\0\0\0\0\0\0\0\0\0\0\0\0\0\0\0\0\0\0\0\0\0\0\0\0\0\0\0\0\0\0\0\0\0\0\0\0\0\0\\0\\0\0\0\0\0\0!\0\0\0\0\0\0\0\0\0\0\0\0\0\0\0\0\0\0\0\0\0\0\0\0\0\0\0\0\0\0\0\0\0\0\0\0\0\0\0\0\0\0\0\0\0\>0\0*,f\b\2\찀!\<\\x\\*\0K\\\k \r/\/kc\0\rL}\[-k{\C~\A_C޷(H<\\\\0\6\\VJ\\Z朷Mn;r\0\e7\G<\0\<\nS\0\\؆^\u\C)85\\09To_\\\0qMO<\w\=\"\\4\\ejC\0l\5\0B\׍\0I\N4\\?}Ƶ˝eY\rqG0+B4q\0\0\H\酐w\\\\\C \h\0\Tfb\	]\&\0OmB\Fpk,.^\\hDAZ\9bUC,\n΀\\4\`k^sLD\0\r\,\0t\1k،\\\\nA\2\%w:\U\}17\3\ZA\lࣚ\\0T1DLu*=K\|%I\-kΊ(\[\Ǵ\0\btP\2-\>	\n[|fs%ՙ(\%u*欪\ \@Q\1s\\\\\\0\nm\vm\\\\\|0ng;4\0M\)8\N\ߊFigʴ/l\\!+\.y)\\0\0\Y\Dy\R\\I>b\Y\ZGY\<C\%WC\\0A\FxdnsȜ NP\>Ѣaq̇)wJ!,\0n\Y-\a\8ԩ\f;	BO\\\V\0\UV\0()}\\\策\\'	\\0f\\tAi{ \"\\\@+[8\r\0@+qa(yd%3\03&\ͮQ\*y7s^\\\S{$o R\ϳ\0QBӎFtRG\\0\[WEs\D*\.\0F\\0\\n\ 3=ȏMt3VլwգB˚)tm\@=\0-,r\0SA\?{\V?G*q?.X$\3\@\0t\0 븓<!\\Ł\0\0\0\0cS\\Z\B؟L+\\@x\\\\\4\\0	\0\0\ <q\\#\6\\\Z&%?9\!kQ\0G\0p\\0\0\0\0\\n\0\0\\0\07\0̶\\Z>ƥ\\ր00\0\00\00\08\L0P\0<0\0\0 \0\0(\0\\\r\\?\\0\rr2\\\_[[5M6\b\0\1+8z\^\5\Av>0I,o_\\TTqB52<[\(A,\0O\r,<̵\/\\0@\\#\0N\=\\0L~\\IL0#<\\\5\;/)\w\] }\\'\0<q׷\?u\8=\\\0\5\n\Uw.FttE\I\U\0O\4 \\_3\\'\0\07\C)[:O\F\]\\0\0\O6\07V#Q\w\0\0\\\]DMO;J:`\U\0\0\\z\\\0\1ԕgw&\IL\0\k\0\0\0De\\Iha\n\\D\\\\0qx\0\0\0\0\o\\'\ry@\0#\ӹI\\I,V?*5T@\0\0\0#Af\5^\m\\\TW\\Sֻ^\\Z6b\\\\\0\\no?8L\\$R\r0\\Cjvp\\\I\@\0\	-\\p(iޢ~rȠ!e4 \³J\?D.\L@\\9k\߶I\A0\0\ً\\\Z6O6V$V\Ͼ\X\0ĤI\\\&\CO=\\\1AƆ\\[5]$\0\0`/ׂ\ʏ,f\rs.5\+2c|g\\\\	)ӽY3rh[C\\\{ˑg\\"&-Ρ\N\P\0\NQW\rw<\0\0B/~\!âsZ[\\\\\\u_0\[\ǣL f\\0`qF#C@V\6{Sc=\0Wm>ה\l\cDs\\\\?\<\0\\\>\.\πe\0\0\ˣ6JP\\\^g\ys\\0\}\,FAO\ipBz\t\@\0\$Es=;KcL0\{\ 0]\\\o*i2E~-2DQ|c\?0O\0!_C (w\0\su)cS(\0덢f\"<3\\+懪?}\}\0$\0\0\0uhkā\0\SDyo\0\\\\$6\⾘\0\%\\E\j\\c@Nw\0K\r[\\*\W\\q\\!\0\\\0\04\EM00C\\A\0\0B\0\0\0\0\0C\0\0\0AC,1@&\\^C\>\\H0>c!\\nx;D\\( @\0\\\r_|\\\u\X\\\I>^\)oG\6p\|\|;\ *blD7필Z\'\=<\\o,!J&\8 !\0\\vQ-($F\p\)%<\	\\r\~`|\g\xx\\\\oT-\\\4\8 5<\\\)Ϧ訥O\0\0\0\t؍Zΰ\pG\\'\<\\}\\EJ\2\&\ݩ\r{\0߽\|S\Y9\`\(k\\'\r<\\|\\a\~`\~a?\0\0\0\0 ReoK9\O4p\V=\\~\\Q:.wij=\0\0\4o\0\?\Gf8:#JD=\Ͼ\->Rf{{(~\0\,?\W}Bsq.*\ eO<{\\t;>\s3R\\j?\\Rm\A6\\0FQ<9\=wQ\(\\\\0{\0\0|5_1>~\5U	\\\ \0O\V\B;z\0Z=\_\\\\ШӜyF\0\KSΒ(8JbzT\0\0\#\\\Š\P,޳\01\!7\9r\\\\\\\0%\0\0M1d\\2L\r*ӽ8\\$1#\ltm\\\&X\0\r\]-2\r<4\\\<t\\[\{Mr@\\X\0\0\0`=\˕&:{\3\L<\l\SL\_c?k\\@~\z\Fb 6*p]~}u6}\\5\0@\0u\X\\\\$68\f\ʀ$Y\S\0M\b\\a\:\0\0\d;\\\y\jNf\Rz7\4\H;kX\8\\0{\9	\\Hɴ\0\N64k\\.\us낸5\0s\r\\\^/\"\\8\\K $ʠ\3\h\\ \04\0\	([\\Z.5[vԮ~\H?zH2L>\s,4\\ B\ \\0=\=j\kwg$hH4F\:\ی\\qRsO\(5\0[MFWsgJߋ\Z}uQgS}\n$\ﾽ\\0\0U]\'<\ze1\0\0\0\0\0\0\0\0\0\0\0\0\0\0\0\0\0\0\0\0\0\0\0\0\0\0\0\0\0\0\0\0\0\0\0\0\0\0\0\0\0\0\0\0\0\\0\\0\0\0\0\0\0\\<\\<\\<\\<\\<\\<\\<\\<\\<\\<\\<\\<\\<\\<\\<\9\\`\G=\\6Mzkޭ\vJމ.ى9+Gp\n5/\<\\0q\\\mq]U\RJDn:\ 3w\\5\rL2\\rz\\g\\0\06\\\\\ϸ\0\sG\+W\\\|\<g?\\gsB+\y\Fc<\0\?]$	U&p\a\\\|\\\\4\J<&a7\\\"`\ϋ\r,;UFҔ}\u\5\ar)a\4\\>\}V:;o\=w> c@\'\\Z\\|\\ʍ8\,e\ շ\	ʬz\\; $\t\vs\\|\*r/2Csӎ+CP9H\\Kr6	2a\\\\fC(\н\\/`\\0ڛ%u[Xa9\/oϽ\ż\%.<\RM\˚AQ4S\'=\/P,z\\\l	\%\/><\N\˻h\6n\2\\a\sJ@v\639\uG$\|\|\!\\\T\W9{8M\\Pڥ9a~`!]E\\\;\r\\i#dؚa޳,J\"\\\#2XV|\7d\\j\rIQ˜1Υ5Q{\\^\Ҷ\\\\k?^h\|\w\\dXy.=shjt\7\"MI~bR\B_ޭ}\0/\/Y(\Y\'~\\m8(g\\(ZQ\\ԏʎ\\\:\Mݗ\"\<\3S<\"\\߶楘\JV\\r\}\\\\\dG	\֍*!\!\U#5\\@|wgS\Z\\~ɧ^7ς=`\\08\r\\Hs\0\i\o7\~8Keq\rS\@\[x\XG\\s\\!NӼ\\+)R@\\k\0j?#6[\\󒵚\ָ$UH\5L=\e@b\ǝro͘\oqMdCP,5\\\\fDC\H-\%\\AB/`aԝCq]\\D~̥\N-\ړQ֥2\4\\\'\õ\r\\nfJ \\'\QE{_F\\K\\)BZk~\|\7\\,\8-Zg\\wJ7)	8\܌J&U4C=n//\|\?_aVaA\0	\\r@dva)=g\Xb`v\E\\\0\<p\s\<\\,p\,p\Nx㎸\L0\<3\4\\4\]<\|\%(~)\\N\3(=yu[B0\0\%;\xB\%<\\m\\\\ny\	\"yhn\	\\׶y[	$0htXS+	\0|\\\(}1\\뿩\8C\K\gZ\\\\\\_\B:#g,Ao\P\VL\r4\AZ\\\T)CmJ;R}<\32i\\\\\E\p\_p\\(\\\\\XV\\ŷ\\7_ۮ\)wd]}wK\u\s\\uGG\Z\\\);\\\\\B>ᘎ\12\0\\\S\\rͩ(PB\p\\H\	8L`\\}kk\\\ݵ\Bc|\I>ξ\\\\0\0\@\/\\r\\\x\]]9\Z&&a\\\\&i\|\\0\\lD\SCw&8z0ro_f?7\\\'[\rc\\0\<֢P*4,LBIW~.[\{\n\\tmj?T|\\\,	>>i\\ӌ1\\S\D!:N{~\\ܥ\q9\0K\\3\'ċ\<B½7Ka\\\?\\ۻt2&[\Sic\p\-1WzF*\sy\r<}m5o~x$F)Ћ\w*\T\93|\,,0\0\^f`rbW⾈\+ΰӰ\6\_\\\\\tb\`\`Vt!e]d\۶`NCMf\ 5\0\\ͬ\]\ڂ|\ۇ\.\ >p\reJ)3\\8tg}\\\^e2\\0o<\(a\Gօ/\'Ou\O	3.ӟV\@\\\Z\RꣳZ\\\r\5jYʎ\n\C廘\gČE͡d(/1N\e\\\\_\  Pp\E\\Z:\ZO:I\ϫ\T6DA\<|\9B\c\nkH4=B\[N2j<	ҝ\0p\)\\'?\\n\\(XT\\\`\Cu\QA#o|ޥGp\\t6|\фeѠEs\\GW>v\\z\\q W`\A(R Gv겼\\\H8[}Rҝ!\-\\\0\0\\<\"\x\\<\\"\F\k\\mM\{\\\?\\tq\ae\\s\ƙ\G\\mA\^\\L4şt\f\'1\5?\<|C\0\\Q-3y|c\\08\\u\\u\,\/z\\םq\\0\N1\q\^u\\}\\<\\>۬<\\\hTY\OV\w\\MS\)3!7h\'\\C<\\+L\H*k,Po\$ځ\e>&\mC\\\#\A\Z<\\h\0@\\'R5@\\\\#\PಶZݯW\\\a\Oaʫ\Z,s,0\\Cgr \6c\NYcG\g\9\\0@\5,\K\9ّO3CBCrP}\00\\i\\m,vo^+( \;_,̰ݻ\'JA$R\\E\'e	\1NR(\Kr~O D\-\\$\\q\A0\v\)CA!\zlTw\BB\6yUl6]\\"\\Ve[+M*mÉZ>mfJB\0]\\7/Us0aQ\\Z\,\݉\\Z\\3`V\#\\Z[\0j~\\\\¾i\)4\[\\\4F\\+~F۫\\0\[\\&\?paqV\`\8<\\\ (i%WOC\/!fUF\\0\\Ag\v\r\-	t\0x`n9\E\\ ̯\0ٻ\Wcʂ\\3J\I\88g\(|Ç\\J\\/\\N<\ÿ\05;bGSo|\?J\m7b㏯k[`4aR BE\\j\O\k|\c:\\[\e\0\Y\\NX\b\<6֙\n\\g\r\Q	|\\bg:8ΟS\\\\^m{\\\z\\Z\r>@$\Z5ĉr沮\\\\`\\_w\2\BIe\a8z\0C\0\0\=cY\ZU\驈\\`Z)_J\F:oc\\\m0\D^\\ܢd\Va!A\JQ2=\n\\uI\t$F\yM3{.z^pT#Ω>	d/\\ݜKNf$_\\3H\|\g)1;yÁ\\/|rnbۈ\LF\\ȩh\\,Ske\YRMJF\IYD!\m\5\Ɗ}\N,=i\\\M\k\\\ء\o.\+Ƃ|\|\Jw08ɂBE\\YA \5RA\&\\U`Ƽ\\<\\<\\<\\<\\<\\<\\<\\<\\<\\<\\<\\<\\<\\<\\<\\0/\0\0\0\0\0!1 0AQ2q\"a#@R3BCP\\0?\0\0\ɻ\\/tM\7K\\/tM\7K\\/]ɹɹɹ\n&\|\)K\\M\\\M\\\/MvV\T螮\\H_XM\\}mh\\ԑ\Zڰ\\f\&夛l\\\QOQճ\55#\f\>[V{\mѭ\\t}6b\6\&\0,|E5?\\_\e\ǵ\\vj\\G\\\I\5e\5\ֽ-IU|\0\Ϲ?3\\\lr\~8i}fb_,meQJU\7\呔9o\_\<i\\^(\]\\\\ڊ6qDDa\z:\Qt:j(\t?h\4i2T٧Wh\\0\WMjųFӆ\T[Q\$>{䤺I~e\0K1e\\%\<S\x\隽!4\ҫ\%\9(\&LzR\qڟɾ7V)\Z\$\t)6)WlJ³rQM\">\\"ɩ7%\\%^\پ.)\\ׂ#,϶W~k\HS\ʌGk\\\\Q\\0Q\RRn%芨89IP\"\\\\ݛ6ɿ\\\ڇm;\lN[AAʟn\G}LZiJ\-։Cv\\Gf(\-((8\\\\\\\\Lc\hi,Ej\ZY\I.؍.x5\]3W\Iz~$uf\&T+*4}IȢ5TM\M٧)=DƸ\Z<<2s-\\\*\j*صTH>3t\\ni\n\ջI\it\^d\A2\n\ѧ\q(q4\κ쎣%R(\\X\R\n匞?%:lV5O\\(+\=\RRUc\\\M\ESL\\\]\NE\\Z]3WSU\5W\/\h6\2*ٺ$v\O\q_)P\v=}hk0e\\ULR\լ؞u\Z\\\rI.Fh}\r>\II#K)Y\?M3OU5D\FL\t\GcRe\\d\\\AڣN;cC\(\"ݲ1UQ\j%97\\QF\V\$Q\g\0$g\)\nV\bCUGrX*hyd\'hTY\\ZNBm\ZZ\qjѫ\\"\\HWf\Kbѥ\T\ӏ\"\Z\2\фU\r&I;H6߹gК!JU}\\V_IC.\J\\x^\Q\23C\\xLSV-4\"_xC>\\\\Nd̒TB2IrE\6\\\ԋ4\ʥ\D\\B|\B\\Fҗ\0u_ (*HN\&\e&أHE\\"\d\\\F\\?ăIzrSr|EP\\\xA\u,OŲ\ʋ\B\\Z\]\Oh\\8SHg\'$/r\\jɵ|\mRW.U	QIZ%F\\_\4u\Zm1;\Ifv\_\D\O\\<!\\ZB\H\Uj\#2#\2]\a\D.\\'mL]184P\\΢I/콕߹t+bB̕\D,\Gf3N^\IZ-(N)\m5IR+\Z}2}rP++\Z\]s\3\\LT\PΪjr\\\lӃ\\qtERB\jGtH.\^54i!\d\tfHhF\I\\nI1q\I;K,j$q~\yDU$6F\<\3\FQ#Q}tZȻ\(qREk2[d	m~3\(R\W\;B4\\^r,(\\\Ҧ\9sBcl~:ߎ/1~c퐎迒j\wo\\'Q\'̛\\5#qЈ4\\\\R5\\ߋ\"\1\{\\\v#[ؐ\MOvk-969J]\5CF|Q~	\"q\\ىӱ+{c&j\3\5:^)\r(H\&c\Ư\\	j\I\\7\G;CYK\i|FlZ:ј_#1\$*\\'ND\\\F;km\Vj>\\\\xۮ0MBxcή)!X\\Cx-_\_yݍGbA\Y\U7e5zB-\\\;\Zt\d\-\!]\"U1\v\k:k[\dYvCE\ZkijJ\+q%_\\~2,YY=]7\|Q\cg\k	I.\\^O(-gR;\>\\\\x\G\S삤\\]\_ڒC\3؏E_\/Fz>\^4|\rH\G\2/\Zbsc\HV\\\6k.V:M\[O\Uw\\Ixk\җ\\jtXew\Z8cEc/8%B\iݟ\.X\Q\\\ewܣiER\N(!N\%\9f\Bu7seFM\n1H\'\W_\U6jt\\c\ۯ2E\\O͒dm<\6_\ZE\"K\\R)|)\n_\\"\\R)f+QL\#k6\rqCŖ\,[9-\\l\\̋Qr_\'ܗɾ_&|\\oɾ_&|\\9\\\?\O\\'g\\\0\'K\O\>\M\\Bhݭ\0!\U5rHjI\&\R«\\\j\mN\\\=Ȟ\oh\\\,\J׾bEs\4?F+\\\\r4W\%mxPF4\,\\E\䑽Ѹ\n\Z\Z\\"j\\\\i\aF\\\/8K):F\\mf\P՛϶lK͡:\\6J\[l\"B8rY7Om\/\\eQF\y\Yf\ne\\sC71HO-zH\\yF(IQiC+\w8ee\?ϲ\g߅1	\S蔨\\;BBB\Ӆj2V1أOɱ\\ni\\yk+<jb\h!ze\\1T9%k\\47\d茽[Ebʗ8+ׅ\"EM\"Kh$\\E5\\N\ti&6F\m\OQn[(xJ(D\{^eS5271\\P\\>\B!22Y|\ZME76%-\e\obxH\Xhi\w\opV}\\jj9Z6\\Y$5\h\\\\eȒ\mk\J,\Q\':\؞\\!.W5pxQ\SUJ\Ɔ\qE\"vW7B!Q\ZM\³l4mbjɢ\\\\nf\Ba\,\~\Xy^2ˉEZ\\D	\V$O\Z\i\Z9SXh鋢K+\X\޾o+eE\n(ڊF\j*kƊ%\f\(\!\\S\\\\h\\]\n$5);\"%\"\HO\H	i\\ڐ\RhY\Z\\rr$(\#?\)?|\ctN܅\T4\ \	.\\旒ǈ\\ͯ\B\\\ΰЉ-\ZMQBCmbe\\q^\r]et\\*m\nI\SGєYL\Mh\om\l^VBܼK\b\׃\'G\Rk\Z>5\>\ɒ\\أOL<}\#A匓²K\߅XDݴC\y\\4\1\\S\"mHi\);\:\\\wF\^z\;\L]\ra\\\Ȫzģg\mƞ\;\\[\\\_b=m+)[$-\Z/>n\f\\\\e\%2BZi[Ux=>ߧ>\^l\C \\cBXWy}\d\De^w/,~(\\sEa\\"(dbM\,ˢRQEȷU8),.c\FoyK/+\j\Z\^/wYR\phsG\'\ѣ\\dz\d\XYA[\ZbL\4\6H\#d\\v?ɼYeX8EYL\o\NJ-\\`}\vdu\"\`}ȟr\'܉#eE\ʤYeZ\\ZŢ\\Ţ\\퉦ZOZ-\\\\)=\\m\1jI\\\..r{T\6ڡ%-\\kd9^-i9ѓ\]\$\HQqڴiԒ]\Q#Cz֢+\\w\&\$j\GJ\9#f}ȧj\ncK9JMR\"\n\$\5z_НFqbu\0GNRdTm|-hݚ?\\q\4\s\H\_ǳ\/\Zx4_q\0KQnT{59\Z\Ϩ!kFw\j\\\\\\\\WF\n5\Rm$M9(çdr$G\0\Ob#7?U;qi|\Zb\W>\\R,S7!?^Z\\dcIIb\jGb\e%LJB\/\\\xY&7\/UI\Hd\n\jIϏ\$\_$SKCw;з[ԸU_?Cϱ\\%ߧD\o2//\]y\f\\~\"p_\t\\6\\"t\%\\7cUe$b\\mQK2T\0\~ė*DbB^	ǦN\i\\'x\$(ī\_\j\\!+H\j4\!\r\,\9D$\;dz\d~ɉ\\$G:7/\Mu\m|\L\\w\\#Q#\/\]xEb	\.\&^ǸBn\\Ϸ2\\\\׍9!4ƫПD49$vĩ\\(\^ģCbQfŏ1BXyBB\\WO.^\rЧc*(NƱ.\/,N6EY\yHJ\\\L\ı>ѿPm߳Rc\"2K&Gx\/\rhS&\y1\\~\C&pB/P\Ȫ\\4\\HExR\j\6aYcؼO\q\T>&\YOa.\,o\j\;\c\p_O\^n\\4\\\5K\Eac\G\\8Y}?N=f>/>\LWB\$)\1G//)tG]b>/\|\][vNW1\,\\\"*Oґ]a4dz%ׄ&\pi)\'m\VX\\*\O\vD}fٺ_%\\\.*JV额!*\e\ʋn%\p^\\R\\Y]G\\Bb\u{XIHTW~\\\\~\z&=6Em^OƱEas\V\!yxC\ԲǍ\^4+E/6Y\!_\\\07\0\0\0\0!1Q Aq\"023Rar#@S4BCPb\\\0?\0\0ހ*P\6҇iC\P\(J(J(J(J(J(B*px\#`\5S\D\r\W<\"8ck\LرGDχ\\\p`ldjLǋf\0Ӌ\\&0W\Zsٷ 3\t\J\Pg	\`ɉc\ɅQʕ0\\\\8\r\*g!JǍoB\\\\rЖƧɋ\\ \ᶏ\\0e?\\p\Mq(NQ/\\\0ef|X+	\5Ku\I\\.q!N\\>_̘U\-\h\0#p\\I]\pWGlo05b\Lk(\8%}fD\\U,Kif^V\cp\q\xTly\S\\:NpFW8\&rǼlѾ\dÏ)n	\\"c\1\m\Ώ\\v,n\\0*4\\0\\\0\\\0\F1rb\2(;s\J1\oXC?d*\0\0\\9\h\\0t9\Uf\\\\\\0\\\\ʪ~\#q\\.tw(.\|\E^̹$,\<V4ƮA\80؝H\<l\b{SDL\\hɄS1\jq\GXx\i\jp\\\\0\\\'Q\CcG\Kd4jǈ*F76\-}D͋\\FS\@sQ\\U#\\\\"\:c1\\"П\-ߘcp\rQ0E\PLˉXڹ\yL|)BzF?_S8M\\\\wT\Ϙ\r=_X1_XC@\\\$\0c/\:K\\"ݓ\\\g\ 8#\\P\R9r3\Je8\:\\\\cRw 3Uʛ\]\{Ȫ;\)\\nqm\e)\"\h1:/N\'\d\'PP\<\Z_\GʆV}M\\01\Y~F\39\\lGh9M\G\\\#GD\\+\\\^9N\\\\Z\,(52T\h\rxPZ/8\d	{yۈ\"DjoyF\iƻ\\Pލ\pis\f<0dkN\Z\d\\g7ĭ\r\\DL\\LN\T r`w3;\\iʲ{=1\'\#t\$6\'\n\|F\LH\?\\nH\Z\\\PhB\z!\Dь\\\%\R#\\Zˑ\s|3\t_@\&,ɒ\\18Em9\5L,C)f\\\6Nb_7(\7\Lh\_j&g\=\\\\#>\3j2g\(}\\N#\d:\_hI\\"o(\1\G*b2\\"t1p\\*}D*F2\a8O\\ap\\L3\0D\\\,EX\0LEb~\L\Ք\Z`\\a\>\<\\	\!A>\\\e!\\0?i\03DǗjR|XO n\\0\\:\\Pф?)\20\r0\ ٗD\\O:ꀘo\7rN\'\_i\}\\țЬ\2\0\\(N\\<؎S\\\r#`\N\\ca\'\voG\UZNs $Ofl\9/V\rC\q\󴫟	,Ofib+\JP\0O\#H\\)lKlQ.V\jq8<\\\\Z?L\ؐ@6&,N&i\}\\\\_i\EP-v0a`\\j\h\3a}s^\\|%\\vy\y\7kgr;\\ٲ\0\\S<(0<\3\\\j\v6g3\EZ7|\3)\>S8\k\f¼B|a\j\\D]\\\\?Q\c\D$ٻ]~pJYڻA\\nӅO\^p\~G$f\.\\8WFц\a\6*\	\\G\L`\0\rX\2\'\kLD\\ g\\{`ir\o\ڧ\_ha7\Jcj\ry:\9w\\yO`ܾ*\u\7\P7=#]\\\\\\0\\rpT\\0)&p.S!\\\q\Sb]\h5YKr4+\0\\0\\\r\\\\N6\a\\p\|,}#(2\\p9Jzk\f\6eȘ\\bd	1)̋\v\{\\8\\\8Mud\\\V**|WJ,jA\\Z\r~\j{`\K\rswA>%\0T&o\ڎx\GY\͑J4\\/\\\1Q<ה\0x\}\\Ub	$\6f7\\p\!(\'7\\</\+S\\/e`󅡛\M6\=.\-8|CUQqŹ}`\,|ˢNg✞\'%\nU\K8\>bà\\\\U\%Y(\rq*0\\&o0>ӏE\\TkYy9ƹz\\\\0\T4Ő\\\bSԽ\AZ\Z\\\/\?&_a\\1@e$1c8\:\8ٟ jX\0\"\!c\';O\\&\?2̨6(\GZ뛨\r`\\`\3&0\[h\\\̪ns\#\{\\$Qy<q>*\rb#\)\Pz_8T8\ۙOu\Z\r27\\1\\ߪx\͊x\\\=\Q\a\p\W8t:8\\M\>a1\6PRa1 zTߍ&\:f\=ÿ#\0 \r/z\\)\r`2Y\\OL\F\.EƇ#te\ٜN,v0ω,m\0\\r(\\\\\0{G\$C2\\r\\\\0\,P#5	ckƷ:2\\\c\Z8bL\\O?7Y\\"\\0\rn\D\\I\\\rM\ek\?ҁf.$ӣ{ʢOszd\\G\7Q>_KA\|C6s(P5\ƾ\\>OH\'\\\Z4\1\L\\\\\f\\n\QAg/\oɓ\oo>j71\V\Z\:\Ze\\'\+\0 \b4\@\"\\\dr\f,~0ψ\0A\oHua=fo8܌Ј \\'\\\\\?B\˙y/#\ȇr`\rn\\b0\0\5\\\E0i\\Ԉ:ʻ3d^\`\\'\oo\\n\a\\Fm\LGw\\9zb;\%w\9\1U\'įRez\'\?b<=\\\\\p/\\?\q<v,dt\e+=U\\p4A\r\>_DrsX&Z\A?A\\ZA\/L?ɓ>l\\\A\&\S\'\oo\\`OG0A.\\r\ꟹ\%z	\%*U4@zX43/\o\0$t$M\\\\7\?\o\\\\0\0\0Y\03{g\._\\/a\竷\Y{\3sw3sw2\yg\\\\\\\\\\\=Ω\nD\\Ӵ\\93=\&||r\V\ŏ\>\\\x8Oi\\\<,}\\\\\q\iBBc\0sb\\Z\\Z\ؽ\\6/if՛WڽՔI\Zv\\6l\g#-}\\9T\\ٺ12i\\'\72ft%E{\v=L\f\\'\X_\\\i\\b\c\\\6eƢāB,:c57\0<\\\	N\\\inG@\'\\4\9cC\ZVJu\ZC\y(h`Bg\\=\\Mm@`o\\\`P.\\rF&\\(Q\;)\)\F]\	\\Zܽ\\7	p5OOOx\\\\\i\3t\7K94K\\\rK\3qV\\0IL\LT/Y\\\\Π\i\0QP$\Z+!B V>	\\Zԯ\0OH\\=f\\nB\\Y\\1u:\0eX1`\p=5P.f%\6Y:&\є0v\¶\r\\q\69E\TB\ \\&\Z1\f\\\R`PD<KЊD\JT\0Fp\jL\2cfB(4|} >\*\\n\XTzTK7\=l}\u7ub	\\c\4L*\\̸]Bo5+!\"_X\\\O\GύW\'\\c΁PCqZ\\r`XG3uӇ 9\\\ڳ #,5m3\Z҉	ۺ\\\\\R\\p\nu\,\\nO\7!	\*l\0:h\?K/Q\8p\	\0\"2*UrNթ\6\\\Qdxt\\\0OA6?\3cK}\\cw)\D@/S\2\/Q0\>\9B\Psl`H\s2T\\J1rq	)gT\J\}!R\r\~O+BGU\0KLEqJ\٫(\T\(\\,J,\@Fp\=kR/\"=&nhu&\|:\7)p\Z\"=\f\Y2\,Vd;1\AQ\Rʿ\0\\\9\@t=L\Z\Fn/IGn[2\c\\\\\h\[\\y\/\"&\	ko(b)8DR\\.>\q\1h\\\Z?\bȔ`%\\Vx.\naˇ\>\EO(H3cc\Gnpn3t\C1-T,@\0X^\\	\\"ѱ\QȰ4egHyp\\\bu6nxr\Z/Z\jKi\=h5qh\\\*>\r\"7_!K\a\Vј\s\ @*lE,ܡw\S6-\@Ѝlw]B|\=>A\un@\\\|G4\"r5\2\*n\3Ƃ\\\\F\E\(\P\E\Z\[y\n\\}<^ \qU1V\\\\\7~ћɟ\\:\\0\%\\\"(\Z;Y/O.AFa\\\̝&1b\'Y`	bd\5\bn(\p\0\e UCr\Z#T\*r\GE<\\<͗~\\\\\@\\cǜ|)\0\\\\!,B4vZ\-D+Z)MS/C\\\"\>p\\\ܿ.Na\}>Q.6\QB#\.\nT\"\\ZƬlE\#-B \e\&\\4c	\"\\eOӪ}H33^LF\5yn6^a\Q\0\hzqX\\5	\\u\\/\" [)\>k\Q\\\&\Q?_(\\u:\ji\S*x\-\\.E\I\\69\"TWl\&\7	M\nz\\7M\nx\a7\<T*Og#)\]\l*\gg\=Ll\L\x<D\"\"\\S?\\\\1\3]\<F:\g\I\\x<E1f\\oYf\Q!\\O\g\\\3\\g\0\\'\3\\g\0͏L\\0ͭ\ͭ\͏L\\0͏L\\\Q\U0#f\&s\L\\~<<\\'\3\\\~<<¬Aj2(\2\Q\6\kv3i\6iI\\0I\\0I\\0I\\0Izxw!h\\\.Ke\rs\\Z9$:0sip%~j\nk\%Zx!7C\4\\\R\|bWec{kES\:J\\*2P\n=b))\GB\03\16\b\c`@yh\\-fQ\sۣ\s\\\^\dk\\\"~yC\'\\گ5J\3/\\\\3\ʻGx\qٟ\0\r\\则l`b5\Z#\X\F\nxI+ϼ?\'$&3CˤX>S0FW\\\0?Lh*3i>O\\\\'`**\\ƃ\6-T*VmڄJ\\Z\[\0a\!4l\Ǟ\]B	Hh+Q\\\\\U\\'\r5	\ws/8\~RC\r\\\\w؄?\p\m}\0Eܣ\\\"k\\ap\q `.g*s\hh<B!\;\\\~\&GTg\KL|媅K1 \c\\\P9Fj\P./AyD\T\\\3[j-&\\\1:3\\0<$\\\\vV5\\GN#&\\j\rN\H\\r\*\1\n,Òܱw׆k\o v\\!\q\8YTU\0M 2\t\t\\y\\omp~$\\#ؚN1\\\`Be\b`?!\\~Q\"\DI˟\t\\\\\\ј/\O\\\*TƤ,het:;\ĞڕV\r\Q\\ч\៘\G[\UKT#\G܉\\\@!bm\☶f<D@9	Sh\.l=SW\\Jԋ2\"``\p@H\7xM\\_%r\0\\#Ϙ\"r2B:(\'A<\\\\\%J?Z4 \\r0\"\)gġ\SD\H\ǘ\DJKKѥ\|7\\0wN??\.^0OYd\d+\\=\\\·Ff^W\G\#\s -\\C]\;\21} \N۔@\r\\"_̿)\\\8\0\0<\ü4\\(\,OS\\hJ\mQ\аfX\2$ŵA\dɸ\\\ni\\<*\\'n>PܙB\\1\Yu\\&3Y\!\u\\0?\(y\1\4Ò\5vp\\} `ϴB(\\S7eU#\g~l#ڦ*\\xJX\~p\\#35\\M	\\q?x\\!\`{an;zj>\u\\\q\0<7)\aD:f\n\\'LH\\) \3=\\\\OX_\\Mu\d\_M1D\\\L#e\\&soӤ\Z\\RA\\u&D\Z)\uqir\3#\\v0\:&JE\+~S[\Oa8X\1\"\Zb\G\0:\\SN\tNʪH?<\Չ\vőB̯\r#t\4>S\\\0m=2\f[\\s\r\0\i\cوw<\\\A	F0\\uoB(P{&;\rrqs\\Ȏ<K&f-C\\\\a*\Z)\u\\\\r.\\-@\\0\\01\ N	\7%_.\4\/\"\k!\\\\@\rEB\\\VqxT-|\\9S+\e\pr?O?\"!m \OC#\G\\0î\\8\}\\\\HXN,\A\\C\\\? 8/\Zһh&\`\6{\'\X\߬\\;f&#p\Q\\"t\1!\u\\/.\\c\7 3z\+\\.f\\\4\0mn\b\%<\\p\C8s̍9C<(\n8\dURE~\}\GHL}O\\0S\\=ز.9\N~F?\8\ \ȍ̬8q\\6*\	k,L\\c4\\v\nA>gry>hwr\n/rȠ\\\9\\OId\u\\\"M\[\m0\\\'\i\0\kZ0Es(ra/UJC\\"\IS1\?S\5?T\:\%C/L\0\\B\,wG-Lf\.0F\01\!_K\\l%C\\Z\f\r_\ss;50`1\?P q\U#h\vO\\'O\.>.U\n̎\ZA^\\\9~[x\\Db1ZD9O\)\M\:dW=c\S8\-ة&\'S\\\:\\\s\\.\{`r/6M_O\1\!I\\\ᯙ@3p\-{\\\\yc\X\,w;\\\\ycܽ\\\7/ywywܽ\\\7/y{\ü\+\0}\\06\0\0\0\0 01!23@RaAQq\"PSB#b`p\C\\0\0?\0\\'8ZG,\,\,\,\ܴܳܳY\Y\ZG-#\H\r\9i\ZW-+\J\rҹi\\ZW-+\J\rҹi\\ZW-+\H\r\9iZG-#\H\\r\r\9gi܃\Y;\\yEΦŬD쵘cD\'\\\{UVqE\ҋZ\2#AQ#=\bvP\&$g\n-f/d\\sjʉ\uLR}{X\e(8\pڢF\j(q^\Ԩ((\x5E\Z\^\Z\kQ{-n/e\\\yh%:4z7b\cO\0\2\\0G\\\\Pr&=\[\kq{-n7e\쵸\/\\\n\\r\0\#\rh>Yq0\\5G\\n8\?\n>P]GS\Q(#򯴝8֫A\1;i\\e\\\\\h\Z6\\\'\l]o$\{w\\"q7\!i/sH\0y5\n\iA5m=lpS,\L\\u-0+>\'QY\\+=Eg?\QG\g?ۢ\:m\UwQq|Y\\g}׻AF)\"^;FЌWCjK\\e\\N&P\0\K\L\DE\r/r^/13\8V\G&^\\V\\c8\\DP\\1T/\<A_T\\(t+TQG\q(\n\'\5D\J|,\~=֍Evo\<88\8Ot\Z\\❛]Mh Nh\0\(mΪvn\\!6\m;\\Z*\'\nI`T=\f\ٴ(m\r}(6Q\08iSL.r^/1Z	_3O\\9\\\'%6L#\2?U\\qFڦ\e=Q\X\\C#8(e\n\Z\Z\Z\旃GT\n95\k\N\r9\w\J.o\\\Nձjnqvw\\mOUPp\8N,mN\n杉\P\(n>E\\)E	\qEliN{?\"1*\\nvoJ/\Z0۬\\C\\\%YYhsNC|\8H!Ñ	T\\\\x>\2m\K\\f<P\\Z`+P5\\1\Z\#4!\m*\(\e\\o\7d\\0\"\alE hnkpՓ\qOmA~\rC{j\$/^/9oĪ\lb\8rOxh\\lj.q(\r$]\\ue\Z;\\c7\n)봢D\'\n&ɑ2kfLqD\ySqb\%\qJ2!n	\\\\gEI@ݸ87\p@\?궁\n\\T\n\c7\@nq8BN\D\QaT;,\\\\\Jzy\2^/9gīd(o\@\V\2)%tE@\7\'? E\f\*!T#\ӓ\ɰN%gTOPSFr\r(!fP\Qp	\&\x,\#m/\E\\Gb{\;\n\'\A*\Tjsh\1\0\Q=6<db&\\Zh\* \\B!f**R@\ZVv\n\&\\{%\|Y\7љ\0q=\r\\Bc$M0	\}vќo\n\v\.\\r<#\-\16\\O\0\SaC\n&\\TQ\\D\M\avIC(3\\DCOS\'\Z=DmG<ӛ_K\e	U(]\_r\":\&ҡE\fTUBF0\@)5qL9f@	\TE\\,d\D݋\\n%M(8=A\Y!\&Ϳ*>\P\s6 9\Wj~wH4\>\	F\\p\x,\\Nuvr.UAA;v^\n\r\Q:\0jT\pk\V\&\N\p\ֈ:\;hCݬ\dQ\p\Zv&\Nrs艬ߕy3}\%3)Dð,\Z\O3<1(^\IWd%\{\yCb=\\Y\2TDJ\\jU9ފ6G+\'\rڞ\H&,\\UC*ah\s\7\r\2\vƄ\E>pڣo([\\\w\ۺ>s\\d\\ Z`\Dl엋\\S 3՚\Z\U)7	\e[S\/T\\#\T\\ppQQ@lNo⌘P\\\\P\D\\\\AM#4UE\E԰E\ \\B\N\J\@U7t\"1h\\n7Y/Ř\\\\5\0\n݉\\P\+|VuT\\n/\n;&wSͨ\&\\*d\\7\\a\iUQ٩\8dD\\r*5a\\%\\=H7\n6N-+\5\\~F\Z̗lG\7(a\\ЈÃQF|ʒcd\'kl&\d\q(\ȡ3mJ\1l7ln\^/1\Q\nYȕ[УS(nky(l\\Y\Τ*͑\ǇҬ>d\R\\&\pd\uS\m,R抒ɷY\0Or\rj%\r\\ZA;\a\\,LA\/T!\YF\Xj8 XvIvFن&.P^ٿx\\E:\\\c#\'HA\\m\\Z\&R\"ILFo\\(\84U8jQvH\b\\\'Pg\OkR\(q\Z>\ChC7\e:\ދBUUmd_c\E\\VgflD\TM@*#ˌŖ\jpڜ)i3,[D6$J&2nӍGnY\=g\\j\7\\&Sl\'UUUUUUq|Y\7\*+\\5\0\nh*\B:X\\\8Xi&6([\98U\\B;\\\;\\(ȯIF\\\\,\\\\\\J$Xhq\ء<n\\U<]PdM^C\ֆ3\wʥ\\˲\,&뜏\\}\BfÓk\IĈ[w\nl*,6_\A%@ua\\\\f`Yf,Ř(\f\Dvˑa\9ŘNiQzs\\&:>2\ue\p)\x\*ш\\dΥB\q~\r*\r\'K\\Xu\G\\f&\)\6\".(***\\U\S\\\78t\\B\7U)\ث69該\'̪vxڪ&fAEMx\BpF(d\nv9Ř\\	椠-Y5QY6bɎ\uS\\K3\\U!5\\16o	\\'=ʪg*\ɳ[఺\\,\\OA;,dP.Mn\m=z>riD6o	\\:\a\\FF\#\x}F4j%4U2Ӧ$yF\Vd\"((ƻ\\N\6\'\Lm\^\\\1WQGl\G\\f.$J~lf5	\\'\n	b\)\7 o\\ңC\wc\$\\	\\;\\X2\FFc\0踗\8\\\|oc\?\\\RUU=#\QRARR\'P\"\0iH\Z\ZlpE\ҾP\\\\w\\\йl+\\h\0ɜ\r\G\\g,?\ePt\Y\<\\x\\T\\yHgmERO1!\Z\0\\Y\\\;\\c}脂\\n=J([̏\\]\\0\+)ZRY\\9ͬ\\*K8Ɇ2f^#y\n\\\.\78\\\6}lRTTY\'Ŝ\\fqP\2}쥆oqxEEBJ2\Nd͑c\\\C\81*\#\qr\su-@4uoqx\H>Up^\06s$\\@\c>\QwE\\d|or\?\\h<zB\-4p(M\^#n\b\Ob>Ȋ#б\l\ZCN\\\\\\\\d\\or\?\ڤ\jDپ\'?8P\S\\"s\t,z\n\\T\G\\]\\\D!pQݵ\0M\n#o=,\r?zv\`ͰѴpȸ\,\\\C5Ui\'aiI\qo PG7YŜ\\8 \\\b\0Num\uZ$\\8\G|\7@ n.79w\\C\r&X*\ni&o\\;\&qqY˸?V\nUO7\0Ц\n#oF\_\E\\g.\en\e7\8Gދ\hJj6\=\B\9Ŝ\\\\\qxn\\304#\'6+8\\|or\?\@5s\'\0፣#0(xI\~\\\,\\ɏ[\8G\U\fb\5N5?}\Y˸?qϙ\\\`,9	f)S\7+#\X\\Z\h`\06-\ߥ\\0~\o\\AmZ_ͿKE\h`\06-\ߥ\\0~\o\\mZ?ͿKC\h`\06-\ߥ\\0~\o\0\06-/\ߤaBmZ?ͿKC\h`\06-\ߥ\\0~\o\\\mZ_ͿKE\P~\o\\\mZ?ͿKC\h`\06-\ߥ\\0~\o\\\mZ?ͿKC\h`\06-\ߥ\\0~\o\\mZ?ͿKE\h\ߩ\\\\\p\P\p\p\p\p\!\7\p\p\p\8}\rF>->->-:\\gC~@Y\KEKEKGKE\h6-/\ߥ\\P~C~KE\h6-/\ߤaB\o\\BmZ(_ͿKE\h6-!\\\Y\1\h6-/\ߥ\\P~\o\\BmZ(}\rZ8}\rZ(}\rZ(}\rZ(}\rZ8}\rZ8}\rY4{>Ԣ\\J\\J\\J\\J\\J\\J\\J\\J\\Jֿ\ҵҵҵҵҵl\h\d\-`\-e\+Y>k_\\[4\Z\\Z\\Z\\Z\\Z\\Z\\Z\\Z\\Z\\Z\\Z\\Z\\Z\\Z\\Z\VzV\0\0\kZ\\L\l\j(ҵҵҵ쵓쵓ҵҵҵ\X쵓ҵҵh\h\h\k\0+Z\0\ֻ-g\{-d-d\d\d\c\OJ\\vZn\X쵓ҵvZ\e쵓ҵg\;-`-cM0Zzz-c\\Z~\O\i-9\Z~\\Z\\Z\VzT8\GRr/B\\Y\Y\\Y\\i;-#{\s\Oy<V|\癪L\tE$\r-8\\,\<Og}\ڨ\nEƫ9\꧒~\\\\o\<\\gꪪ\4Or/\0\[SB]\\ehu115ʃ\ow;ϙ}\\\\l\e-UdOrXaY&\=\P{-\g\\oUmU?[\<Yc6cDr3\I$m@\o\n\'19z\\A\\q7\dY#.\nuɸ,\\r\UG\xN#EIc1<d.B6OUUy|\\Q\\\\"\`\Y\8G|ʪ\`xl7R\dح\O\\g(\x#8<V|\/\7>M\Cg\s:YldOc\\m[V\EEEEI<Z=ϙ\\;\\;\'[\\a***_I\**Z1ϙ\\\\bZ\rX_FK\\f6\P6ފ\ \Y\8W|\RAX{Kl\x,\ߺm\uyh<V|\/\2El	\ޔ-UUQg[9/Ř\\\+j)\rM\0x^#SqD٪\'\c6h\\mD\\5BG\g\\q\6) \ӧJ&\h-2Z6N/1#!\"VrT,V3\w\\!\0d\'X\"kbBF\I\\f6\\rn&TER3\͚\TBt5RB\\rk$\)	5\QRg\g\\\򅐊\n\"L\nQAn4\\V[%E\Yɸ,%Td9<V|\/\(X\RUAUg*\\ f\Im	[tTTT,\Ř\$\\Ó\g\\q򁸢`Eb\\"QfHa\\0Yihʫ%?\\f6\0(\TT*\\\\\Y\8\WتĪB)蘰U.(q|Y\jܹ\\\qf\UW\"\llKUUm,\\md**-UUm@XrU\\Y\8\G٬\`mT\r\r-\n2n+8,\UUU[\0ȣg%\x\nbl\\A\\q$1_3\UUU\a\B\d0l\d\b6vArq\ \\8\Wح\lbTT\3c`U.\r$$gUY#:*,\\mU\٪cff`YFkF}֏\\Z>\F}֌\PDF\7\0<VrTTFmU\nv`E4TVM\\f6\0(\Qb[lR\Ufl\q\ʨ͋5flTAZn2\U\\Ӫ+#\.\-\"WiUT\n.Uq/پ\'\0D*\\k*\US\`UQUU\`M\rN71D\RbVٲfn+y*\\8\eYWl2j%V\r\쌲N/1\\;\ٴ-A\o\\\f\zH\M(\YŘ\\\4d\n\ZEp7L\\\-@tUCj\Y@C,\\m׺\\QRFސ\T{\fn+yf\r\j(\n*\Th\YʷTO\YŘ\/\~<׃e\q䪫!ڶpJ\Dr\js,\\T\\iO\\ߛ\؀͛\q\Dvr\nF\BTT8Yȸ\,\ok胫p\R\M\\5fg\0^\8\rwl\\\or\7ö\stX\'\Z\> {\n+N\n\\g\"\xqJ\\\\9\DבA5-n+yavyr.79gĚ\ \ٮ\u\Ejy8\hn+ya#rm\\E\\g,\xS\\\:C\5,<\xn+ya#rm\\"dD\.79oŐg9l!lL\\\\q\ \QUf#xq|Y	l\<+>g\0\\7ojN79_\6Zm\Α\\Y\8W\O#\xq|H\\)ϙ\\\\!\r\\\\or/J\g\\\_\eUd_\\\or7\"\\nG6.\Y\8W\\,UV\\"\x\L\4	\ϋ<V|\?\0?7Ŝ\f\P\\\ \Y\8WL\d\\or7MLFNIϙ\\\\̋\\W\\r*J8\\B\3\\\7Ŝ\\X\ڍ\\r[\8Wܟ\\!\MIZ:ԙ\V΢}Ej\!\C\+QgQZ:\\V\u\j\\Z}֬\u7\jl\+RgQZ:\!\C\+P\VBQZ>}Ej0\\VBQZ>u\\+P\VBQZ>}Ej\a\C\+Q\VBQZ>u3BQZ>u3IEjL\+RgQZ=\nL\P\n\\\RuEEj,\+QgQZ?ru3EEj0\a\FQZ>}Ej,\+P\VEEj,\+Q\V΢(}Ej0\Y\V΢u3EEj,\+QgQZ:\Y\VJQZ>uFQZ>}Ej,\+P\VE\j\!\C\+P\VBQZ>}Ej\\T<]\0=tVЭ;NŦb\1i\Zf-3LŦb\1i\B+JեbҵiZZV3V- Z@ZV-+HդjұiY\i\Z\ZV+VxZf-3LŦb\1i\Zv-;\Z\\ZxhFai\Zf-3LŦb\1i\Zf-3LŦb\1i\Zf-3LŦb\1i^\Z>\Z^\[>\\\\\>\[>\[>\[>\[>\[>\[>\[>\[\\>\[>\\\\\>\\\Ch\1Z\Vp\j\E\\0pAT\oA;\U]FLCx&\0=4\G5jЎ)#|\\\\ӰXH\@N}y\\\\y\&	?\ՃӰ(b\&\M\\\&\\'b2jv\&\'b\8_3xM\\\\Q\E\\f;$6C\Q1	\'m%4\\'\n!80E(\4UQ\\0Mu\U\1d0N\\:\@&\0)\/&\gjS/\\k:\\ŗ\\'\QC8T_\dv\7P\n\^8I\\rBqC&\'bgcB&\샪QD\\x\Q\T\.71Nc\0O\3\0D1	\\uSN\;\\$[D\LOgT6)&❁\7\PO\\.71\0Z;4J%Dݛ]TZ\nZRꞘ茨 9\Q\\MSM3\Ea9Ր4(e\1~\\\q7qY\\Ġ\U\'\\\w\Z\ &PDN\\rUE9P\	x\sjo?ȸ\,\<_,\\*rMP&\\\\\or\0Ob\n\"\L\DQf\\\\f5z\,/E\/򇤆\rz\0\\6K	z*ї\4\C7oL\~#\xăYv\v\,풮\*줳HlUU@٪UMdUy\0\\\T\f\\ɜ\r>79G\#]\UmmDMo\\\C7oLo)\Y\8/IUҍ\$\r\'\\n+xO\i%훷&}P\r\2G\\g(\x&\UP;m$\\`\QiKM2\n\I\n\<\\|or\'dQ\rM\\\\[\56\\\C\v\\\<\Q!#\\|or\'Cv#z\rA,QUڜv-L&ɛ훷&qj\lyl\\Q\\j\\\"\\.\i2SvԪ\3j\r\D\cE3}v\\́d\ng#\xq<[\#w\#wDS\\\C\\Y	C\$l\RF\%N[#\xq<\\ ԧ\\դ6*	9:@Ц:D\\xCIx\F\9|\\Q\\t]T\i{-\"\h\]\{*({\o\<Ѻ<G\\g(\x\ʸ\` I2u[&mz3~\䍪\[6(Vj\*\#\x\\!Õ\3[(xКSw\7\Dm\tYfiT+l\>79I\0UUmD\A 	DbJ{P&ɔ\~\\\\lY0\Z_r\0_\n/\70!Euɓ}~\Q:M\j*#\n곪\	߼y\ZK$P*ɸ,\Ox\\4a\fmY\AD\d\T\\\p\\ea\=\Uډ\\EM\\ٿx\;Pڈ؄\fO\\g(\x~*\i(g;\z\1٥P\\J\jf\& (\DMl-Dd*v&\o\7\\*\P*	QRɑ\r~\'9I\0UYUV۱7g\(l4*s?\\*Xc=\(xv\4E1\\	\\6[j2RO\ٿx߸\\Un\\"C\,\\\_Dݱ٥b\TJ0\$\\mTo;3ySb6jcD\v#ʚʥE\zsKq\y\7s~f\|\ \:**\\\Hr9?Ŝ\\\b歁lN\\\\w\\4\"sv\\8r\\Ҩ\J;\r\6^\?D߼nE+HP\&\m\vy|\\W\\\n\\".-\D?@\0D~qOy}\\&=\\D:9\\`L\`\{\\\{V\'?\\D^z7\r*\\2~\'9_\\\\悊8{&DÂ\Q\rtËpF)Ddcf\py\L\M\\GzrBTUoG!\<Y\9GeWuDݜ=\E8O\'8,\\T*UlT֣C\o\3&7\\S\^\䑛d`V~YO\y?N	\;;bv\0P\\7\\ɹ?Ŝ\\\dn\h\\Q},\0Q+5m\i\\\\';\\\0&\xq]?\\0+Ip7nŚXTpLu\\ߙ\?\r\'\\\Y\\\;g\\`L\(\1,z\ss\o\\\ߤ\7Ŝ\t\c`*HTULvx9\\\8\\w\\h30\M\\g,\x-%Dl7\\\[$pn(\6ζ\9g]UA{g\қA׹7Ŝ\yʷmG	n\X7&P\}Z \UF\7\0?7\0kwq<Y\x\/\\fٺ\5\6 3(\0\nɱn#HnA\&\\\Or\7dͶ(-fC*H\\\Gn\T1	\\؝(\6qQu\4ZD\r\\[\\vg\#1j@4\B\ZwYҪ\(\6\/TN\\r)\\j5sEB=\\\\\O#UgR\L_r\7EEK6\\'`f-\=SY\UUVÞ[ؕ}\\.-Q\\\\or\i,\V\3\\-\v*\bS\͊:F|\7\0<O7qY\x\/:Xz\0gGl	\T24d\q_\\1\\\\or\7\eζ Tt\nv34&Ew~k<F\7\0<3\\2.79oŊlY\n*/U&.hS~4Pݨ\*\g\0jc\"\xqL,AvpeKYș\6\[T\Eü\q_\\k\"\xqL*\8\\ra\(-`Y7!A;\nҵ;{an\"q\E\\g-\x\{P6\\nK\F-d.\"AB-\8\W\\"\x\\\"DZn\R\jQ-J7eF\(ݖԣvZn\R\?e\\ԣvZn\R\jQ-J7e\\ԣvZn\S\jQ-J7eF\8ݖ\\vZ^\S\jQ{-F\'eE\8\\\Zn\T\j-F?e\\(ݖ\\vZn\S\jq-N7e\\8ݖ\b\Ld\d\\\S\jq-N7eG\(ݖԣ\Z~\R\jQ-F?e\\\c\Z~\Q\j1-F?eG\(ݖ\c\Z~\Q\j1-F?e\\(ݖԣvZ~\Q\j1-J?eG\ԣvZn\R\jQ-J7eF\(ݖԣvZn\R\jQ-J?eF\(ݖԣvY>OL\S\\\0,\0\0\0\0!1 A0Qaq@\\\P\`p\\0\0?!\0	q¦v\\\\Z틦vN\\;\'d읃vN\\;\'d읓vN\\;g`\\\p\0\*	ўv>\}Hr,8\\00\{`KBȹ.}\m\\[#\GЄd0Z\!N\ލ`@K\'ʆ\Ce\8QshS#>\[#\G؏R>CDd$?\49܏(b\0\}hQ\\E\r\2C6M91\'Gr*\=\U~Y\t\z\S\\Ȕ/q\2 -/}P\UM\0z*<4y^M\\\A\9v\\\*\\P\Ze\sh^\\\'Z6ɑ%Z#\"Ozb\\E|Zn\^]G^]n]e0˱i\P\7,uUrdqE\\cZUb\\o\ȿ\o\'zہ\i\\p\45K!\m;\0@.\\$F\\\\\rk\i/FԪ74a\1\\4\"aQe+]\X\\[yX\\\I<#քq\\\\^cy^ٽ:\\,&q\=.ʡ\=cb\\}\Y\Bm\\bE\\\"\ɜ\3抇dU\!v\I\\\6p|\,Is$X\kqd^vId98ØjWn=C)KE\nPP\/Y\Ts[bʦ븶x\8);\ni\ȃ\C~\\vȐ\CYûE\!\q\HBE\P\vnH-0\\J>\P\\q\r\1\i\8hk\ǻ\\'\\4:|P\6]J~\ņIL,u_t)V^\VX&u\\\\0\LȱA#q1gF\C\\1!\	υ2;rŦ[*\u86\"ЪHc\I\Ri\3*])7b\\"sĉ>\\\\\\_#OI.bd.`\28%@P.\r6&Dpy\2!\\ȑQEƹIf67~\r\X[PƼ\\dL]aYԆ\P\" y\\n\\i\Hd\Z\\#7#lbfIpg0\$\\\ap1\\\\L{CpL\Crd4\I$mU\l4H$\'/̈\rsT\\O#J5M-F\Z\8\\\gI\=\]\ԓb\I3M\\\\Xb\+d\S瘰Y\\LI&CXR@I$RD*KОFfCMU\nKe\\̸7D#M\nַ\u \,\\q&\(Z	Z\qb>I\\nE&گJ-F,݌^G2hs\\ZH\1\\04f\\vɰ\\\B@(	XO݁\	13<\0\7\'%\\C\6bf\\02ۻ%I\,ȑƶy96\:\i~\QPL= [LTA\G\\]RN\\:7!1܁k\(p\'\ҟ\\<\m\a\\e|[Glv)H\U\j?;\\Lؗ,\Ci%iV3av=\Wu\L)	c̜.\^\ތMP	\"\E+\\φo(HVJ\M\K\\\ZW\ \$έ\\N4\\gK\"\9P[(hhM\O#*	<*V\\\\a]\ɖ̝NKHL\IqeF\\O4\`\Z]>\0\ؿ{G\s^t\nc\\h\\c._D;j	p(\n-4jE\\4#p\^\0M\!Sϸ	XdΤ.l9$$ܩsq\ZmpԚ1.\\GH3U:9Ds<\I>E\n[}H?;(y7b\n\\\^{ld\\n\@\ʋ+;\Kr\\27\n4UZ|>!;\\A\\\KB-hԊ\\-К|&C Pd\]A2Z.J:s0F\@Ĩ\\"I\:\r\\ZGVڌỎiu\Q\!a\\\2A#GrBUHUi\4m\[!At\_ZGzX\H$t5rχĜ\kS\\\\hj\U|sa؉`\t_v/DY\\\$]J0,-5\j\TTK3\9\\\b(\=ŚE$t\Q·\`\\n.\"Z!\KH*G$6ˑ\b\9\#2wz1f!\a\xc\.\XR;)g&C\P~^)\\"4ȉ!̈́=Vw!YCH!#_R\@\;-p|>4 \%蚗B$ (Bpy\\\\ќԡ{\]\Q,\WL{\D\\R,\\\"LPHD\_ЬЗ\,\\rITURΫ\\=\\&$D\_Ch@\&\\\iID8:\\Yhb%7&,/c\\\\\ؿ	)\hEa!V\!\7\")\Z\Zg\"$.f)F\Ru(\\m\\HҬn\\&b*\Qe͘ZDlM\i\'\9\J/O%#\f\!1%_F\\\g<m͇Øw\\\*\%\jm\[(KOΩ\0\T\d$A\0\rT\zds\Zj\\Ȫ(\nIr6\hݐ\"\X7I$M>=И-g,\\"^$\Q3~mdNt1`%O!\rb$C7$t&\\\T=+[\\Iq[0)ѢWZ\\"@b73a2\\4&\$4@\i\'Qb<\0}>Kpt]\SR\\\\"tr \c\SjqN:ut:sQ\$h>i-11\t&i$l6oEQJ$z\Mp\v&,6-\C\\rbQ7GET1\r\ȤwQ*\\j\a75Y7I\Ƌ\"Kt\H{KT\!鷺;g\wd\zJi\u\\_7JG\)\"$9%]\"\Z\\0\*(\Qbf\\&\xD&\Z\rW!8})\	\\Ά\`0B,*F\l\\=$\\j\\\\W\\Ƒ\\C\jX\;ucG\J\\'3V\G\DPM+e@\,\6Kz\\\Z<dtWLYP\\jzPtf\R0\67lǃ\\k\\,\h\\'\n\"tmy\]\\<\S;Uz\rDZC\1536ywl1\s\j\I$QdD1E\Nϑ\9\ƮL݊r\\Z\\W\$\\\I>T:\YdtN\\'*(FcA\r\\\!\6\\\\c\kcmI>E\'\n\|[M\\e\"ۍH\̄\\tm,\C\5\R\2N\ãHj!1HWCCXc(\Ǡ4:\j$؅m\?\Z#D\fDǥb\D\\\\\dU4+4*\E^f\߂`Y\]Ca\_\[9\KFc\dXX0mFa\\\;\>vL\I\\\Wǔ5\V֠t41\'BC\F\\#ϸ\\\\\y\\p|1_\y\h\Z\\\hchL@\H\NP\SM\\DeϜ;t\\\\ajN\{5Cw\x%1a\J\E\n65n4BYE\[J-1p|/,r0\`J\͐0\PEB,\*XX\\n\hjYGEWF6*\\1\\XdY!\n\0ϑXt1\a\\xb6\r¦\<UTT,\wWA\G{<\.W6o$-\t>\\\\o\`\&\@LLjQuF:1M \\8,\rD	7d7܄W͈-䂄v\!C\\\\cBΆ<Sj͌l3j;USq̳>P:H\4t\\C\\r\\\dT\\P\GX\\\\\\:r(\QD6:\>I0|\XG\DcCv2m]m	L\\A\wT(JM\~htZ!:MmOandA9i\+\c>fIv\'>ݨH\Zs\n73\⅁43j1R\ln[.tr\eN\\=\|^:cTRP\*HǥS4+eyC\Ȱ,b\Z\Z\ZlИ\|\\\u>\N|4I7\"\݋P5F}4\B\&:\YP\\y!\n\%\t	Q9&ď^\\۝cO\M(h6=\Zhϑ=9\%\\XŇ\6F\\SIV]C&D\N\\\L05\\JQj4`\\\<nhF1\89܈	e\Q4ڈX6y6KC\xL\\.7\^^\43#rH\A4L]avNPiDe\nI<3*mEh\\Zt\M/O\Xd\\cȼ)d\pκX5>O+TǚmEhf\X\\\\\\}\'!:m-:Yri\\\0#\6\"yЅ:,h\]\D<~^ѡ`\\1dFS<:\9|?,\\\\\ǚ<T!,h\\\B\^^\M\\U#\\1nџ;@\\C\&::1\IiC\Zʊ\D\'_\\0\r\\|\scY\\Zr^F<\1S\Qs$\À\\p|>/xAڱ$F)tyѕZh\\C\$&\Z_\\\\0C;\ZY4,\aqǛ\\\0\\\X\\zHC\=\r\\)`\\\\uG\0K\1\JX\ā\\ZǤ\q)+\>D3EuF~s\\\Ư\\0?\\\\ß?~9s\\\\ß?~<\0\\\ß?~9\\\\ƿgY\\\\\ß?~9\\\\\|9s\\\0=n~8\0ǉҟ8V[\\0?8?\\0l~p\l}\\\\?4~0_\\ɟ?~l!(~@\#\c\0<OhC\0\7\\G\\͟?4~H\?~0 \0\	\q\/\0zܽ\h:::!Н\BLt,t\'\m\:\\\Nd\izZ\N\DН	)\\D\i\PtHtF\\Htu\n\\s::\n\\\	L@tt:JN).Z\\tf\Da\taLf@HK)ҍ\1P[IgD# \\0\O\\"}\\\v˒\T\o@4[7\\%\-mPw\\7a\!>M)ΰ;uE)P]\v\\\\GM\̺hDЋzcT\\I`\\GW\賨\TN\tN\r$I;&Oϙh¹:\ȑ-\^Im-YK5Kaǁ{A$\ZGt\O\\S=!\\J$y\Y\\i\NU`\\Hչ(eY$}L|\Y5\F#.?\\\S\I$9\I&}d|;!&\dI$2DSQE\N>?ĩ(IS$n(h\\嘡\^Gemِ\\ZAR\\T:Y+O\k\\t#D\8\)К.ЌGNe\T\\r0DR9܁X9vR\;OUa,ixB\.Ǫ\4E&B\o\1蔈JHCctI$\HDJDy\|h A2Px!8\r$A+WoB$+\LHjdj$R7H&aI|\?\"D\"XbD0\\T^\" (k44hBn\4\;\!.Nz\4mhN\h\i\pb{`c\pVQ\\Dh\М$l\"GDh\i&\cFD\$V9.\х\I\\I,R\6BK1jI$=M$LSpHs\'\"g$D\3OG!ąh\Zר\D\-\Z-6\ZF$!AK$a\".3PnI;O[\Z\2E\\\\h\"=FUn4@e\r\:4LLfH؂\nؒt\1e	J\\rd@\X]^V\b%PɃ\Ȗ\"$1)\$DMh\1\\M▫\%TX-\'UVq%0rˌ+h* nTs&9#t\d\"\#\D1;\\"	$iҘD\\\\I(\1qS\nA-\ǦdzI2T\\"`A!\Z$BB\Z\\\\r*(KF\'\"4\y^y|zN$١\H\:,j9\b\ \X!\^\{H,\}\$IcHrFMdL\"4A\(b\|\m1\1KBI$q=0,J\"bLc#t.!y2I&\@\dXm\"[\\21bCD@\Ш	YGi$\hc\\D:;q\Hí5\Xz60\:::\ATeW\\\\\AIl$5ӄ\'T>\\ NBv\B$<\EAB\eLܚHI$U\*U\\\zXq$Hr!\\BV\gR\\\HF\\'a\r\\UH\\:݌к!Fa\D*>]>M$Ae\\1*:\\^!9\̤r: YhV$rFHR$D4=F#$P\i\zF\	Q\숬7̑Q\5Q4J\\:ORm=+)FR8PR\\0X f\tB:Z6EfgM\14	ߧ\cq9UHcl1V\ŠB+B<\s!\\LOB@۞*$zc}:s\l&K]ÄH\R)B\n\Py^>D\\0ɶX\ZGD\!0\xQ:&$d3k!	M\\rF\r΁d(<\\\\E\sw\nlv\rp:DGY#=\踟7\f	/,.!!\Q&%4;oQ`y\6K\`\rF-&n\tM3ܚ\YR\"Y\\\O\2h\$\E.tUKG-\\sB\4\\A\JQ	\r\RI%S\#\\\\\\}\MSCU7\LN!ln\6\nBn1\\\Hp\$I&/\Ƃ\wӚ5V!kcH\rV;\o\\nx$\QeĦ(Qa\'\Z\˔+\cZ\r:>~\Z\\!\GV\'Sd\iRu6\\v_\\\\0dCQj\'͂/y/V\FA\\Z\\%<0Úqb%\\i\"7\&\'-Ɔ>tW\\\F#h6gp,-qwB=iC#Z#rm<\1/`\i\zS&\vTu;Xz\_R,8u2$<\\\'V,VC6\N2mN)mOpܓ×BG\fEK\\=G,\\\\/n\"\\&6Nx\\\\\M\\\vN$:\B56&EZF#\\\:;-H\4I5C8\yz|sbKS0\>\"BUB\KY}\\=Ҩ\p;\r^FQ\G\$kp0;lnM\Nq\ndW}\\2\"cTtp/x\\y|zHJ9!1\iv\\ytKahUT\<\2U&\BcCp<:LOa:|j\ia\S\PV$:7B4r\h\"I$t\nz\np\Jdhq\̝ܰ-H\\t\\2I\\0ㆅq>\ѡL*\E\n_\\\	j\\ć\B\$qK\0\DB\;Xa\\n\[Ї_\'O15RI5d\Ԙ\\\rÆ\\89Xtucz\\>\nz\'^(\#pP\0pPѳ\I$\|>/\0\:GB^ZUS\0Q隤n#aѠ؝N~LWӁ!\\J\\H\ZuE6\\cF?\\\\=78\Z t:g\\ʏ\\O/O1\"P럪\^q\\L\nzD\\*Hސ\\H*O\\r\rI\\\ՏE\BdК\3cXǂ\\#/XJ3\Rjub\\No\\\0\^Ƅ \\\DVeffS5\\z32\d\xFDF\0n4PI\\X̀0\I\n#\0\곪Ϋ:\볾u\\:\본w\\;\\\x\\;\\\\\;tj;\xNčY;w\?:m\\\\.\\\\\:곮\\gUVu\gQM޳\s\'p\ø%#\\gp\øw\\;p\øw\\:\\v5\\=\꽎\뽎\꽎\뽎\뽄\\]\u\\Y\u\\]\u\\]\u\\]\u\\U\$\\:\c\:c\&\\\\\\'X\\Z\C\i*&#I`IQLiaTn[t!\[!KQm\"\q`fǉ\|\I0ɒK\[sk$~\һ\\*O򅿠N6C\Z\\\\U\LtbĹrǍq-mdacL̜N\k\\\\X1\Y9A\K\\\O\\h\l\HQ]\\ZIM3	䝨4Ef\\nnS$X\\8u\E`*%N\Z\^*:\q 2\r5w\Z#Gɯ\\\\;\1&*:1Z~\\\9;Ch2*<GyRi1\\#$)j-\$\\JPЙt!iyu4&\W2tN\J\'C0ZD\o\"B\D\\"i|R~\\\܃d0wYGf\\Z[Б6Ĥ\\\\\\"$\\n0TaI\DL|t\\$ID*1Hֽ\a:%&.!ir,P\hKf\0JҽD7$5\g)b\n\\0\'%Q	l\RZ\\~ObAV(\H \^iXpK1Ew\Yx\Z\nȤop)\U\HR)Z\C*O%mz\,@q\!-1zA^\ҿ\0||4\ZhIB覑[\\\'K޿7к0\\\\'\\/O\n7#\&I\\$=q\})$ilo{|lM\twcV!#I\'T(S\\0Њ,\2 ,+\l\76ܪH\Ѧ!EV\\M\lBGkZ\W⥵!!*Jb5uNXaJG5\"FOq\vܛ6e%\Q2Pi,%\\/.er(b[\\n4`W\~oۉB\-R\'\\\=\nȘ\ZbJp\\9R\Ð\n.7\\\(\8n\>7K$JAjncD֤\G7Y|\냰蛌\Ӄl7Q\oQ$%Q\}\\@Ҡ\vIy$Hڄ\4؃\\SmP\$\\\\}7EF60\r\N1~\\\kR9h\9	\\R4\\*A=MZ6%\"\ +\\>QF07Tu,j\|MX\2\$i5>Rf\\-4M0Du>u~o\$yQRC\'D:?C\\\5G\r\E\ng\F\T3`La\B${e\ŭ\Hda\\C#B^]lpXCc\\'Hi*::.?\ݨW\;OS.3gQ䈢%\H֮\3kގ\ZfNC\-\\Wڬh*R\w!HF:\\tp9X\QNu0$ku4)]fAE\\Όl߇)WT\FA|^&\\^i\[k\\'Ȇě j-5a\_\\E\ZNaz\'O\"\\\od:rsܔ\a9I*\4\S,\s|wF:TEC\C\\αrI\'\\\\r)j\b\\Sz2i5\"\"`\\=Z_\zf[ĉY(d2!=,yrw\O4RO\'L\Uk|\\\߁\"{\K\nR5ې\	a!d\\\f\\\\Y\\\\\v6\$\?\QfS̔\ZQ\\a\\i1A@\b\\\!4\&4\,\C$tA1az+OAA\ZZH\2\\\pKl&)4bOm\EGW	Cn%LQ;8s-\2&\69rui\\:`\Ê@6I-Si%ED\\\\Q.safV\Z\"\Nܛ/B{\!:1UIneO؅2\=H@!J9\\{5JҶd#v6	\CE{W\\\&\\jf\rV\C8.2\\T/A\iS{\T\\$izgr\x,C\\e\$\z7\rֶ\\\Z.adS[#\ƶ+r(l\\v\Q\\\\x\\CtTc&GF\QMU\"\\|jH.+\&\\yc߹*d=,m4v\b0ma$0DtMss\7]\4{\nHӇ	s)N\^ȐU\Ц<i\J*\5:\\\pd\M#\C\\`Iw\8\c]\\\\b\\\I\\"\!4\(G\"/eAMq\Z\>\l:X	\n1z;OO	\=K\\\\6\\\'Kc&P\%衂m+-\nD\YX6\\^\N66F*\EY ɧsW\董z3Y0\FF:!\\rI$Ao\\\\,n\n\h&\s_5\Kp(\t!sA\Cݑ!\!\\CJs\\P/g[W\\\hZ\'C\\s.KB(\A\i\4Itz,wr!﯒PnӐ\< \\Z`}4Hi\R(Vk\\F\\|45\>e\v^ʋc\"iv݁mUQ:)\%5TX60>WWͣp1\\\4A|Ϡ\mI<,ri$\W\{\ZV\WI\6^;\Z\_I1\5z&DBd\|\\\\\z^:;&z&(\&\tt\N\ZRЊc\\9v\u9t|5SkhyP\V\%\\\%z\Hֿz\jY,$I\u\_pHt5\B\Z|\Z8\B\6\]\j\\ŎqB\.Osb\"\{\"\\qKBָ$i4:ǭ\mLF*E=&Y\TXm%wM\\\n\'	?\\oH\|-A16hx\yZ|:.4ؒI$t\\nd\G㬜=MF\>K\n\/ܑ\oBtC\\ B\H\DN\\hHճ\\8r\/\\rǬ$%H,/\>R\hDnAK\\%\J\\\\\\ʦ\V:DF!4\\n\\%%a\%\\0-\U߁`,\\R	ޑX\"VCƧ(\\\:\5\|<*ߥȊذKX\\p:\J\e\J˩8䱩r$2oT4גs>X>\n\+/[!b\ĸDӨĽ\\^\\dn\n\\\k\ڟ0\\\)TyZ]\\nRe&\ж\'\\z_/K\'\,\&\rp++\o]̶\eL\\ !.\,Rg\\;!\\\y|~î<W*\:ɍƓsff\\"au \A\n\\@\a\*1z??O\x<U&h{2\-V\\BL\V7+˴L3\d7Љ\\llTtTaz??O\;\G\I$C\\7LyD\~GAkxK\\r\\j	oS\\'~\\\աz!ƢWzHcu	\+Ai߁ёEn#wl:*o+_?OK\\lݗ\\q\[@\\)O\\\bKTƌ\4\*eEw\^u!\0*\\n:*\$N\\\K\U-VFf6\0Uae\\H\E jdPDiz3ę:1\\\YOz\	i#\\[>}l\\\g\ϭ[\0g\ϵ{>\}l\\\g\ϡz\\g\ϵK\>/\}Y\\g\Ώ\\\gO\},\{ϵ?K\ϵk>\}lY\\g\į\o\r:\\[lo\\g\ϥ{>\}Y\\g\ϥK>},Y\\g\ϵ{>},Y\\g\ϥ{>}\Y\\g\ϵK>/\}l\\\g\ϭ{>}\\\\g\Ͻ{>c[\0\\\0,\0\0\0\0\0!1 AQaq0@\P\\`p\\\0\0?\0\v5)6C\ eY*\BE\Rd?\d\)(O\P+\RU\0*\0QWG6\'7L;%&\0\\'\0\{\0\\'\0\{\0\\'\0\{\0\\'wB\0\Ӝ=C\B+\\0g\\ZlB=\\\rSP\Os=\Q/~=6\Մ\w\\Z\TAP&f\0p\\ɮ\]\ׅpDIKKDY%Re=\&\uGS7ڠ\d\\'註+\Ţd6\$\MAނ.L<\\Ύ\\N\sBH\C@lte((\>\U4\\rB\5\\G\|C߽\H,\ڇ\9X\\\\\\Gm\\\rĩ\r|\g?2ldjWAm|?\'\Z~0>\.\1AS\\0p\\\ޏ\\0\x\r1S\+]T\91l)\q\\\\j\\\ i\0\/\\\*<\0ԧ\꽷=\0\2\\\n͢\"\r$wń\(%&ꬄ#`ʔ\r\n\(r\.p\wt]BS\\$L\\\roxEʆBj\*T\7j\p	D4t~\%6w<:p\bQ\|\]YCDm&:HСĤ-*\#W\tWN0?ːP\\\n\\r?TQ@\I\\<\\\/ts=C9a4cdIR\\\\\r\{f\"S\n\\RG=\\))\\\SWND\Rhu\\\k;<A=A\\z֋(\+\\1<T\"\kW*\@;\\*\(ʚ\\4H\\Z).5\n\kW,\nd[e\Tv\\	A\~\n\r\\\||f5*nܼm{\n\YQ@&\J\qQ#Za}uD\4\V!zÓL&>\%y\\0\ej)\Z:r&\)֕\\0\ψEP\\M b~/\\@	\e\ZݺL\\Dz3[1\nL\\NȘK\Z>({b\\\0GR\j6\5\"\M+k6\\"Je\0ij>M\\uHE\\5j(Xܩ\*\Vk\^VNӴ-\&\w\\rpڦHls\\F\Y{\`˛\\\P\k\\\\"9?lvo\%E\\y+}\i\*C¢Mz\'\0,\\L_\/F͓b3QB\@2\eԥ6,\tcQ$/\0.\\dHKZ\],	\eC\x\"0z\*j>\\\K\\'\\Q\O,\-ZdQ\nם~\?o\\0\YZ۝oo\\\!F\1\\^#x\\7\\*ň5a*\ul=2\\5Ke\\rpC_N\\\=(tj]\\(Ɯſ\x/͂DZX,#ٯ\\\\Q#{#b\\qkU7Z\\\Cs\Z`\[\\\\\ET\\\l=Uܾ\\89:k\L\pZS.bew=2x\N\QZ\\"\c4\&HV\\\\Wqqy.-\\Q##P\\\"\\\\]Ez\\1lhc\nC #I&10C\lqb\KQz\*\'*n\Z!z<\\@\Y	CQP\i+ \!ӧɋgV%0˦5\a\\=q#;\MLK\\d\3e\6\\\:hvA(\"U\\n\Kz\Gx\\s@\o\6Ej>57\{&\\Ni\0\\|KoُM\|d.\\"\b ܰV\\W\'N߇\'n\\\/`;2\:c,YR\0`J\pS\"X{> (`\\H`\Z\n&M\\\&jvN\M\P\\P&\U\	R\ݔZ=N/Qe\21v\ʢ\2a؋@f\"\qr\\ٙj㰄̸\pw.f\\H\Xb0a\\Ӆw$^QpjhH\\\"0%*0G3~ \l{L\ma\\nك\5óaȝ\\O\\W+H/l\\!(oN\K\\s[\\\\J׀t<v҈u\=E\o:\'(\\\cTfj,\r\\r+gqċR\BÂ\-Ll@U*\\XX~Itf):tt\>(m\.ԗ\\nUFKF|?-	g\y5,/~Ld&,A-{nd[T̎A#áo\K8\O\\n-ǢԻq\30eM\\ZIa3\܅\,\p\@?\.F\\o^Qq\&K\0uY\n\"X*\\\n\\ٌC\ba\V\;\FR\!ѣ!\\Ze\ .bC&\d\r-N\\W[S\)\r\\\K\0\[\bsp\2Ld=2\2@\/ct\E\\U\gr\\	\9Za\KFߢ,\\bZLE\"X\i*v<0\wf[[\\\PLl\x\0\\\i|\0\\QĽٔ\7*c	m3^)W\n0AW\w\6^3՝GbD\"!.|\隯IF+/2z\a5>L*\\K\'	C.@V$ba\=	\ZJfeOu2\ZACu5%	@j!\~\0\r.\$\"YDjۉ;7Ť\F\>\0xykFp]\\]L\0Qr\\TP\M3J^\p02\)RT\o\\`\\XG|\8B\\|\"\\2\PJ\\\nM0G2\\\¹\0\!$B$X|	L4z\:ao\\rE=(\K,6xsPP	\P\7Q%\ˈ~QOڡ  +X0bu\R%\@6;\\E.D`9\^\-O\6\Xm\n\\\7]\Z,%U\j>^j\n$SF\	xp?5pl(&)\\%8\\	21*MGa4lB\gU;rPSPe\v[GM\\Z̸AcRz8\fRJK(\5ݘJ[^=\h\\/bRVBd\\롖y*$V\Z1SX*\\4\\\xFW\}{o\hF0s\r2\s\rp̣\\\"\\\n/@g\\sZb\\LR2`+¦>c\.Xea\ͷq\\%bmRȵ+1\Zī`1]p_\Ge\.wPۄ\:b]\苈9ZF%2\p\\7/\!i\\n5w\DYJ`;\\\\y\\|Ր︉5o\`Vz\\T5U\0\"\vB\\=\Ab 1\\XJ\uxbR61V6\F(&w!jPStT36T%yQpqC\\d\P[e\\*`(\#w\\n#(\^4D\l\\!1.h\<X\SO\"k/x⊂$#L`8#.p\+.\\\QMꘇ}@1.\\\\\н4\oGu\rX.\g,WgcjF\E\\OhmV &\\\\\\\\\\2\}\\Z\8B6\5D\"\\\0\~Ts\n Bs39u-\"Ip̄f@\y\"\\\3p.71A,\X{x\]q$\]lԭam\Z\0[4̪\Z\6#mܤ>61&b5ÎQZF&id{j\x\Z!\*\;$hjT!Wr別B\Zh|\T&%G\<\\t6\	NS&gt)\*\kν0k&\\6\Jr;J~\//eDc-b,\;-\+\0 3siYqL.\_IQ\p+B6]+\TN\Ⱇ=h \bղm2\J*y,%be\JU$:?Og*\Qd\2\̲\瓳(4b\y`TÕa!\0\:e\f!m2KP\\0G\\ \O\,7\\*#\|0\ܻCA\\a`|Ĳe$e\1GtO,\0T	y+]Եe`Q\\DyVy\\H[x̕\PgPON\Ěم\Q\T]B$&QTi!)t\ߑ\,y\\\N&\L3f\x\!\0TF)\\a;\:-\@e1eT\&@\`T}d\Y\\iCũG0P\h\\$jؖ_1\<r\rq%X75\\\'LW<;K5H	*;%`\2\Tr3g\y\=* @WCb\A0X6\aѨP<%!Tf4,F\\`C\Udb]\2Lʗ\{>l+\v\'\8\"\\g*\\ژ\[	m@Kz\\r\\\0g?m.\e@>2fy 3p\\62\sk\=.^xg\0,#FXgF\\\\q\s<\\\ҚB5\e\\J\\\@[*\\q+\\hWPٓJ\mM\<E(Vx`ӗq.%]\yL\@J_\ØuD1-+l!,FC(Ɉ_\%.I\yw\p%)ˤub\\TqX_7/7BRfTu)\8@R\h*+\%\*TŽDV2=\\n\^<Gz#l\%\\P$%Zl\$XS\"\\\A\wi͘uL]:\(\j:\\r\1@\Zn\"p«2Ձi\^U(EYp\Brx{EG\(\\c،Ze?.\\eDFDa\c1E(\	0\3\rF\r\\\3n$\"~Q_=.Qɏ<@\\n\\W)ɨ@\\Z\k\\\7n\~Q\\\0a\q8230gxݗ_R4`dM\h\D\D\0ʂus8f/\'|B^\u s\\!\n,M\\ý\@W,m\J%J\,+\7qCpMGl1TQ\6de\\&E\tܹ\jr\ &2hwPh24\q\niꨰ0c\0L2/光Pi\b\"\I\%<&*\C`j	_\c\\H0\.\\\E]~65\F\\\+\H\{>|ʸqQuI6.\n4\\$%KP\Kˌy˗\"\\-\m)U\r	Ӻv\"%\0\!\Q\\ЎЄ`\"\n\\\6\sw\Z/feuX\\\JK2\z9~)\`\X|/*e͋b\K;9\+&G\nrدd\˩i\Q!h\͂r\d%{ݧ>Hp<J>S1)-V\FxP1)R+j\J8a\n0I7>tY[\\El;\r]+9\,\8a\%\Z0\-j\rĬp\\%[4XcL8\\\5*h3\,\kO\\0Uwл@s;\~-f3b1(ʛ!kFܫO+fҍʥcܙ\\ٱ\Jn\\0\TeQ\J\(\[*w̺6F)0t!<!\%\\8g\p,J\V͓ayg\;_4\\\i@T\"\ܗ\\|\"-\j$\̪6`e\\\\=Eeqw(DU4?$bɲ&b895\",Ar/d\\1N\S\0F+o|\AⱨJ\H\%C\X\\"\[bBRCm \\e\\\\ʁ\4\BJc(A`}\\\\\C\j\M\,!\Y\\\0a\0Varbū$HJ.7t5E\"meVI\E\vc %]K\6^cm\*\; \Y\\W4:f&ova̭\O\f\J*v\\"b1fMZMib\n\\\\\~\0槃Žfm\n21\akf\rU<-D!5t\"y\'v]֮%\\'gh@\r=\o\\\0\/Ȩu+He(\!\\ʦ<\Lga=]\[]ͦ0\\n`*VJ\{\\v\aU&3\#ʲR\\Y}A}ǝ\ҮW\nJ8c\s\D\r\2Eյ\;a	}>mA&}鑛M\\w#hGD\4@\*\AhCNtHVP\\W\^\\nw\P/\\\d\0t~\\&0mZ\Kh$k\R\0xx[\\9+đ6R0U&\\\N\b\"\\\6C[(zJ\QE\0\R\z\)Ph]\%JeJ`F1/8bT\!$HK3fp\/\\\l\ۆr\%!5Rz\r~	oWy&O\&>S\:3\\Rn\\Z\P\\"\Zf\4n	\	tN\J\T9\\p	H\iJK]928\nc\\ᚤC\bbFf\n!j\\\9&\"\EqcB:\eV_hR\!\2\M^&\\W\`,흄k\\Zl*^\r[P:\wM髍N\,\&EDSI\\QM1\rQĤw*\R\&/\r%^^>s;lC&5W,\H{C\r\nO\\%\Z\\\u\h\\%\\_\\^\\*0_\d6c\r	f\Yx\+\\,DD&\r-p^\3nኘ̥e\$\?r\:\\\Zxc\o01i\.ˋ\h-\\ˇ	\Y)\(\x(\8J^&Ĺq*\TD5k\uNn\\R0(\\1\n\б\\\좼TLbɿ\^^\\\4䍸<Ej\*ehĪ\Ч\ࡺ\!f\Q:6KeMWQ7K\h\kdp\g\~R\\=\K\\\tz1\\9\\\\\-\\ʤ}\i3!\{E\I\\1\p\\<eCש,\\\sг\\`\\0/?e\񸈥\\V\\m\\0aab8\\3t\"΢qR\\V\Gi\a\r\ZU\\n37 ꆞwp].\\"~Ń\<)J`\._(\8\x\(\k2^._6\\3|+|\˖X\<*,,>H-gD7EY|\/M\^<iŤ\7\>Ȭ:;\\\\JؠmXC\n:/IήN~3\ \\%W\FKA(X	)ߏ\\r+({J\=U\\l?mҒt\\ǃ&1Qze3oJxH\Lnl\ShKW\E.Y*ה\\׫\Ѱ꾵\\q[C\2ljHŰ\'S\r\bQuYˉMLy\0i\\T\ܯ1\<7\V͎\'\4pp_pc2\\\gf\\\p~/7>\\1ic\\a+K\\Z[T\\\\|\n\fŐ(9\0m\\Q\$rx<wp\zg0\4C_J\"\ף\՟\\\;wr\=Tp(\\\6\"`[$\;<N\T\5j~~᨜=L\\.\"WFm7te\Gd\\;y\\\\\0&P2\1\VLQ\*Z\\D~\\8H\0]\\x\YZ\Q)\0\"\ͱPްUJvF/Ўq\p.\Ԧ(	X\\J\\jZ:]\0\p\Au\t\\抴|p\\\R%nlRs!Nee\Drc5ۍ\\\"\Xb̄\\Eůl#f+-J\|\\Uף\\\\\\?2~$\\K5|\'&\NjjT\H-\Zb\\5%j\rM!aQ!5q.\6cŢ\\Bl%\Wξo\\'\Nc\hF\-b.0\n5Oc\i1Yv}>OK|\\rU<b\r1H\\rކ0dx\\\ˆ\\r\a\bOï\͠\\\\\\qzAV\'-Fԡ\\Z_\tt/\":/솺\E*ML\R\/\)V\6\\i_om\m\m\uP7\$j-\m\m\|\g]m\mR\\hwж\n\7_\j\0Svy`+\HQ@((Qd\\'%M\>\xYHYֽH4A\mNenbI\Z_\?\z-\7\4\SI=P\\0\0\\0JZ\2\(\0$U\\\טQ<\+f>\Uau\Z\\߸\B@jdgfB\Q\\s\t3-\\\E\Gņ(\	\#\Fc\\1K\0P\G\05j\\0\+\\9\K9n\z\" 0Pe\\\v|jF\\#և\r̥\\THr\'l`:$l\r&*%|3\ZU!z[9\4\D~\[]s\\hǵ;\\#L\\0bEaO2cYJ\JK-\LRŎ>\o\\\n\.}%\\\ǂd\\D\"U\Q\1\1pHV(zK\T(nwBA\n\r1\s\Qؕn\Zmbثn}\e\{G\o&-6G\"\\\\\\s\R%s\\0\u\l9q\\\n1\p J\rPȈ亁%B˅*lkԨ*C\\b\\g\~Ic쿐MHi\ ;\\\$9\\n\Ǔ{u\\l̦S*T\\.,s\޻8bs^d5\\\\Qiań\\0PzXƂ\Y\Cd$LxE R\ͳ[3\],$\\(GKp/\nA%\\s3?%q\\b\05,.u\c\0;Ys\3?9,;E-U\d|y8c\W\f[\J2Y_&\aPI_@}/]˖K\\_Oʱ\\<\n̬\\ʷ\nAѡi\\7^Ju\4,kܾ/\\\Ǎ=&\a\&?\n\Y\VUf\\"狨ť\9\\2\\\?t~W\ƁS9X	vTEpߑnju\\\+/\\\BSi\\A1\qv_\\3_IZ\\JykKIdU>\\\ߖG&\HL\m2JRBU˗/\Il̹|35-\\yX\R\eԭ\9E\H\Z&wfJkFx9U\\\\\5\IsL3љP\\\\u4\\t\2@\Ҍ.Wll\r1\Q%n\Jň?s]71,9Y\|䕣\0q.pr\vxvsZ\׈0fޫ %ca\\ǛC\\Gr\0\"\\`\w\kh\ \r\\,B\kCC\\R\d@Tak}\v1+I\\X<0e\儾\\\7ɤnT`+- ;XXe\2\eG\l\5t\]@#{X\X\,,y\씙R*\,Ue\Y\\;y\0\+\2;B\r\)OH\]R|\cZi[R\Sņ\ul!Xa\Ѷ$s|5\|\}Oʿ.b\H@lȄ57\%iVy\\\RjMLVf c|\İ\2\q\*\n\%0!U\֣<\r^7nj\\%<1]oɊCe\rAF$m\Z13T1\\c\]|\nͥ\\0.\8 j/xGiIl\\"\<\{\nT7\ADȶ-\\\1O)2\H\\\"XTF\V\L\RˉIQ\I\\Hl\LF*W\\\q\\\\\\\\\eD\b4fY9!̨&`2\\P1e^b\vz\G\0\nMK/*%[(!(\ZM\0\)#\\\ZJ,\59IQ88^,O	R\\nbMsR*WVx~~\]uKQ,5\ZbTV\Zq,e\ŝ\76+I\0qwȴV\0ܦ!3	:0YDr	M=>\0[C(H\\\:l\\\\bGEpJ\d\xnfTJ*}#\\\ҵ\#\a7eҢ\ї\r.w\0h.;X\b\Z*f\\\j\vb`VB\r&G\"\\0r\0*6\]>\0^TB%cr:\\na^\Mz#3f\"\a\\A\\\\\\\\r\\rC*Ȯ\\2G\\;i,``!)\pS\00OD\|\XAJ\\wZ\&ʀE-\U4t=c!Y)X\`p\\w\f\0\Q\Z\A\\\_\\a*	G1!4DEnȺBTdc1]p%\-Z n\"\\\\0\\p\"B[y\rr|[\'t\nZ\\\\哂\kQX\p \\+\\v\\<\(Gk\r<	!\\"0`0\L\\\\q39\\p\\\\yfyX2%\ `\E\Z%\R0*!\UV,X\\0\shA`\0xjjJ\\'\n,˕u5\3Y\\U+\J\p\WX=Ӗ^p\(\x\0\#[!\:K\:i\\G̈X\\f\;#q.\\r\аM.$lSʣ\ZQ5[\b_$\Uiiݐ\%F\\\ˋ\\pC1\!\H\T\{?\qhVa&⃿VV:\P\\"S	Xpǆhʆ퉳\8\\L\\̿\\\PRE-3L)\\\\Z`\nPqb|)[\\\\\\A\"\&x,MF.x\D\Z\"H\̰Nsr\\\b	\\?\bn6\C$\hV\\ZS;J_K/	R\f	ә_\>zb(ۈ\x\.YP=\3Wx\ZMÊY3ݞS*\pn\Sm\\"\jB@\?XSp\\\\\SLS\\\\2; #+z\)4 Y|0\W\!>\0 \⛅\4n:\@{%Dt\\t_h\g,˄Abp5	FjVYC5\>\5Q0PD\:t?\DQc\\n.d4\%6.\y*%\*Z a0Y1\rokb&(j\\"\X=aZ$7.@.*\dER\eRL\ǀ\ZҠD̈h\?\b{\0\1gC&ۋ+)q[**W)*TAR6E6\MK	\h\"\7¨T\m\\\R2\l\7b\\KƔ2ȩ\0WG\0\a#KX@ZFXpk1A\\\0\QcsZŚ-l\*`!P\:Ns\G\\\ZyTpa2\֧*\eQ\g\̋9m32\˨FIa\C\YC+7\0s#T5\;R,\h˧\0\Ld\*\N9Yx\0J\WpŹb\\\\'G\W*}\'?o+xES#L\\r\<<,\Z7\Ze\'\\"\rNd\\\\\9H7 `\\`G: !#p9\\5ĕ\˿\%P\r6\B\p1Qe1KZ 8\\+p@Wl;J{\\\YZ	NzцhM@% \c|YNf\*K\\\Lҥ\\Wrp1\ಣWu੼\rKc\\\\\\	UL\\A;?\-w\\FL\(ADax\dT\\%\\\~\\-\Hٙx\"oYpU:rR\\1\8Yp0!-#lKVʁp#C ]4\\0<\dw\5E\;\\\T`h\m\\\e\\LW\\\\u\\p\r-ULTYbXh -\dXbu\)XPP\\Z\\Г\r&8Eq0n\Z\Q\F\\].\0\(B?smg.*$1-(?l\Z5E\\<pd%Ą\4ÁC\}_?g\=.]\c\HLR\[\1V}\\tLB\\\EL\Ɖ1\-\Q]C<\seCVpg\|>l\\\nṮ+(\(\DK%EvZQЗ	aL0\>뾓X@\\A\XPj4EbBe\jyC@\y\6$Mx\$a\!\٫*(\\OJi-W\VUp\'\B1\D%\\r@酜H)\)\y^	r~\#\*$e\@(\Ĥ+\\p~0qgR\\\H:\\2\X\Z\s.͆\Z]+\W)\\H؂,T\^ 4LU*\\nQ%-\*\\\\\n0\\`̴2\\\\K$q\0iyčlFr\r\)F]\0ng\\$cuLghK\KUt\<-\ab O\\\,U\fQ\5yC\|2xʮm-xe0\W\\\_\:E\"%&F\`\"*TXb2\	P\Wz\YC+\TT:RM\!%_\\.6GKE\\a(@<7T0M/K\\nܟW\\\0ҍ;C\\\\,\0M\rR-\Bvq@|xN?\<\\]BIw}7f[\\ Qc-\\k1L\\FdD\Gszx\~\Bq\c S.)ܢ\\\W*R3!\\e\P\\#ΎtN\3p+\\\1\Ym,qX\p\Z\\\\aA\*vTLv\#*@%w,\{\3\y\s4%a\we\b<.#crb\\YWR\" f\\|)k*\\)(rǁ\\4\.,LT\ĳ(-6\\@\L\Nͥs\}	ى\LQႪ\\\)alƎ#YLn\Tti\\\P\\\\[z^+}\\\%\veǄ\U@365\\\I\L\u4C:\pt4\\|\\0%\\)p\\Cʕ3c8Rë%K\T>e%\"pRkvti\\Dx\"-Da+0*\,De2\\7\\'n1wJ.Xn.\*m.\`xR}G\\\?\S*6\-j!\rUL&BØ8_A(f\4\\.v2r11V`^I}Fx:*%V*x-\݃\$\0\ ުeO\\z^AMة\0\\|[eU\AG\!&S=\\[\\Up0]\'q%\#\ch\\_B_\r\eƓ%q\\\n#\u4C8}\\\龣dE\[.\\qx.P	k\\\8<N\a\Z\b\\\\\\A.Y>L(\Đ˖\\'\/\6)^TD\\"\Tq\H\_\%\\K\ǝ\D*A\\\#o\bro\\\ݢl\7/nZR×q\\pCI}u\2\\b6᫄4\Fy{s\S\%\PKD0#Q\Ro,\\1e\)a\\\`i\c	e˗.$E\"8<1\\c焧Dkhqa._?O\\\\X\zqVʞ\\MĦ#	W\ny\0\\\K\\\\a㋁p](ԦG!.1\\n,!Ҷ){e\.\G\\\=\}XJ\s\\D,^\Z`\\nE39|\\^tX\aJ*Eg;d{M3dw*\m#\\ʗ÷\"sU1\\\EľK3\\0/\\e`\e\"-\\\\/\"٨5!.\\\^}>\rZPS\G[Wa\#\eL:BcC\\\0=#/\,y	\\%2\Zr\\k\wr\\9-\\3v$\\\\\\	LeBgQ%0\ZLˣS\_\\񜞒\\=\=\\\E\}:uyp\ב.l@\`2\:R\ǡe\\\$s.ߔ͒\02\/\\?7NT.\\^/MR\0]?\\\\L^/G8\g.3t̓#/\{\\/1\.>b̴\\\rJm\\Ӭqe𾻁7Fh\﷢	S}\ZUj\L8\'d\wu\o\\Y;T6y\\^DP\q^E֣\J5ٜ\\\Z\u`\_\\O\\Ux߉\3\*):?\G[\0\\Y\ts\3c\\4\\#Wğ\\'I\02̇?\Og\?\O\\o\\\\\0M\\\\00\{>\S>\п\eK\'^\z\f{\\'wS=&\\\ncF.n\KG\L[g\\{\0\02ȟ\\'?\Od\0?\OƅF95\\'\\{7+k\Z{\0\\'\0\{\0\\'\0\{\0\\'\0\{\0\\'\\'-SvE)i\\\\\0\s\\0V\0\\Ϲ\W=,D@ \\x\!jؼX.\Ŧ_\x\c%Į\\b\쵛%t@\\,/\b\ \"_,;|!10q	fu\J\R>ak7\\YslY|_[Q;IB08c\u\n\\fJ\#3VGǞ/g%@T>q\cRv\YkD\3\'\Ԍa\\l\0F\F-[.ajwq˛\Mg\\\\8\\X\C^c?lGeˌ@zn,!1H{sC6~&,%T\r~\;³$Q.\&2\nu\K\\\h\Zu/Y\"\n{M\A\]\\\qN\aóW+2J\aS҄\\dQUr\"}GfPme*ΰ\L\~\\Y\FIU-3\A\3yc{j(V\G.ia\nЧ\\Y\6D\ZP\ԾδlV<PG\\r\\!u\*11H.`F_C(\h\ui\A*#^Heh*\n\0Eq\\\e\h\\\MW,\\\H̾tJy\{\\\\\"tT\@\\\r3\c\\6\_\0ĺ\K\\-¥\c\\\\"Z\\z\FEf௉ܖ\Ya\pe_w\!*8Ĳ5\\n1\ǣ:\02Co\\n pM\\\x}\\\0\\c\\4\J\zX)2Jh]\atk\@<`(b\?j\\\*\4\\\\s\O\ˋYh\\\M\"٨\\Y\D\2UQǔ\\\6̥\(L`\ \62\9\Em\\n\\gzO\\rS\\@\\nù\><b\A\\q\\0\?\\\Ǳ\\\ )X%*vR\W\n04%\XX%ŗ\\\\+\K%W\tk?V[\ȩn8H\ȓ<\\nVFܮf^\\i-\줧R\1\YM\\EF\g\nfXAL\2f<0n\0\mquee˗\|CHh-^P\'Y\\B\pIR!\"c$ep\0lzGK]\'IX*MJ\ZDS\aDRY\6,\\u\\_\r\\Ei.F|2\ŋn)lWJ\"\~l&p!rǆ$8NX\\SGJɐa,Ͻ_	N!N\(\kyz-j\48n\u\Ğ\\.J,Vٴ\=ܤwpHNMk\ZrbaI\Z\Ƶ\vrjx@\\0\\ٟͬ/\\9j(L\0b\&&^ \*WxxbpSq\	Q\:\WF\=\+f \D\*X\{\r$Zc`\GXj~(\;إ\]\!\njby\'s\\@P\्1p\*\2\H[\Gj}\<Xd\=\\G\0p\$cy	jEJzu\\@\\\"ld\\`\،t,p$G(c\1O\c\g\Tr\E\\_h\m,\Y,c\\Dl\lLwk5t8/5\n\Ky\\3\rP\\!2\KG\\_2\2\ђ\೼\&~\Į\Ә\\b)TŌ\xZ\\Kpŋ¾c\ⳁftu_K\\\\˗\n,Y,\pp\\<6 \,\˗.k\|ew\\\\f\\\Z5ŋB\P+\*1_\\X5G\n@\xte@c2\9ξd+Yjܝ8.\\\"\R\ɆDr\\b\\"\\;r3f\o\\\\ޛ\¢܇\2U\nr_\5\\r\Yq;1f\	ddNt=53*j\v\\\/GpBV\+B&L-\\\\vhx\ʇQbXZj4a\̬#XwhW\z\r5\Id*+\q%D\"!$̈\0\O3i\+.أD|Zx6\\|ԩ\\TV*\\\)s\\\^\"e\W	l0V!%P\X\"\>^w\1fF\\rC\\\\d\\0)[qV\\L\\ v)GO3aTLnZ\\	sngEJ+OKEt\ h\\Z	\.\$x}\\\n\\%\r\\\.\\Έ\\\TYkd\P`#\\,\Ze\\ \\q\Xʌ\\\.\3r*p =JyTq1\s\'h\'#\P\w\WBګ;cum%dq.\\\ņ.AULö3\r,\"\\Ժf\C5\\ˌsn<+\K0+Y\\\Cq@\d\1\āʌ\r\ƣ[\U*T\\i\w9&\qp\Ĺlr\˄EX=\\%\\\c5\\\Z\\r@|1\\rh	dZ%\݈f&\\\009,b(\\\Rp\ͱ\W\W\Nt;\\r.m\,A\\\\\1mqԼˋ[\\"\\]\lU\n#V\Ґ\;\05A઀,\..QvECR7\0[Э8\o\L@1\K\X\v\qxن1O1\\\"\\u.xz_A\\Kr\r\ǆ\X\\	\E\J\7\ʋe\Ds̻kc*A3V.&<,X-A#\ȯd[JDB:{D\\\{5t\I\\-\{CӚ\,K\0\\fD;8/D)\/\ZcvwYՖm\Ԣ\\\l\\`\\+V[M\?8\\\\\\;\xb8\ %A\qbŃhXh	P\8%J*-톚\2-.J`0]J\0|\\8.1vn\(Ԯ\r<\\\d5ݵ<ơ\"5vY5Egy\av\S_Kq\|0(\nFKu\DZ\ceXmu2і\\Z\\Z-\,b[<p\	P\\\Pb*T\\Z\H\ʞF\rU!\\0RD]8WTFPx-q\\Pа\Zx7\-Ć\v\\ʘ|\\\Vudۇn\i\0\n\0\\rY\v^\\\\0\0\\\\)\=!(\X\0pLndJ\\MJ-\\:j\@6\,m!7z+WI\e3=T&dUtR:X\\^.C\\\\4Y\	s\Bɺk\	%57\\#\b<.,\"l`f\/4Bv\@˹w\@ȗX_ZZ\&3mҨ;H\pr\dm\(T\,\'Au\\/?0\n򢖕L_o\r.*)-/m\vuЬ,\" ,\\'\$\\%2\EJ\*g a24\V\8\6F\.(n%\\˵+4\IU\:Q\Q7\0TrT\˕\;\SOjrY|1b!u^\K\\"f\n\I`=G4Yes\y\%ff[^˨K2\s\ʗd\o4\\py j68b	\r\(\\igwKPn$ <`\f52`+DL|g\|\+,	D[W]\X\n\\0Mn\ط\\\b\q%L!wK\\˗\\.TeŖ\jr\i\:MӢQ5.Y\_~\)Ik\\:c%º֟Í3Kt|\PU(;Qp\\&:\\Ql*ᕟ,V\L\\Pw0I8n,!oJ(ڷ\ewM3\m`\򠾥7j$ҒE\\\E7#.%p\ULWPAë\Ʒ̶[/\4<;$/\^\<{K˄?A66JqG\$tj!P`\H\R\	p7LB5vx1\m/\Z\!?\\\\%\\qip-Y)M\]$݇\#Hq&\"exۨ\!\C\פ\˞\;1\T&\yZ?m\\\ \\{D4\,\\X|\\\{;2\i91bj0\Z\b.(D\\\0Gp\1R\\1\\\usqaf*\\	\ܹqyKCWIӅ\pab+V<32{\_<\;\0\%\?*:%;t:\ݗ\/,EGX.\\\&M\0F%-*DD00(QD\\\\ˀ2.ދ1\K\u\rERT\%\	]\0\u\Z$!5t\ \Z\\Ծ1\#B)o\'\\r\VԠ޹Hbˉsx\\r&<W\\Aŉ\3gp\n\`b(թw*/\*\'E/\4D!\CSp2\raH~]%b+r\˗.q\\z(<\W#\1\;颾\r]\0fv\ ,m)~\R\\\\,\G\0%˕\bV(Ǟ8\Z\/\%\1\5\;pEIWH~&\0)ztOx;B~㘍\,y1ٗ/f\\2J\A\\D(\"Sh\9xbq\\\fcR\R\\eK\"#Rq\7\ZrBGI\cˠr\.;*\^,8fv%\3gEf\\\DMJ\\\*6ܕ\"q\\\v8u%F_7e\\\i18y\Y\"C*	\\Zq\\~&R\^:\\'e\//*\E\nGwl\%j\+gPGx@\\j\JðcU\BSE#BYk\)uh\LmM+.,KLmΙ\\,\D(JJԮ,\A\\ny\::M\r\\1	Xf[9\2\[K\\Kdx7o1\\طl`\R0\\}bqJQ\wj[b\ɌF~b06\\$?c\\F\\\\qe\\L\\\\\\ JKW(X\ԛj8?dN冶1\Z	\e/r|Hǃ\\bW.XpÆ1Pf\\#Lx\ \Eip^TW\RLEݵ\\9b\\\\q	}\0w2 @+e:\#c\\\\m\\\x\"\<bxXa\\Z\0RG\:Ⴢ_)\L7c\$\Zˣڑ%!i\<1\\a\x0p\\RbX\%;۶fR‏\\^Z\woK|_F\\}\q\`x\V\yb*(x\xjk-\pxxb)\\M\PcD4\0*>\;0\*Ϡ\.cJV\\s\1\\#u*)\\+J\'QT\C\'\\\\S\:M\\\2\φg\E>w/|\Fɦq0\Q\Z8QPZ\~ lDf[\\\ˆ\31j\r\\0\\C\R\\ھ\!\Z\h\'ލQ/C\ιOK*\\ܺ\;N\\@\\ڨ,]6EwȌ8\\t0Zb0\\lE)e\آ>D\nk\lၓAbQ}`\\<\B_C(Ǽ^U\IN\վf\SDf0\x\7e\\ZfD\"\\\nH\T\|皉}dp\\\%(!8d\2\\Z#qÀ\y7]-e50ѵK0\\.$\Ee\t9o\\4O*/\t\\\}Z!KWƪo|L\\0\\xzU88\	\\/1\\\.r\Ԫ訲\\n<\\\\\0.߆\wK\0\r\|r{\\\bR\n0\0:\\(aMf;(R\\n#)^\\\s\\e\1+\B\\^X\!R\U\}<̮W\x\\OO\.g+Q\|\=\HR\XD\sU\}Lp<8\/\[u~8-V0\\\a\*\\n\\\9\\˗\\kT9.<b`Yr\e\'Nq\\\\a\\M=>\#E2\\^R\4\[o\1GO\\8Hqk2јp\\Z?RU\Y3|e.\Mҕ\0S\\-e\Ƌ@B Aҫ\d\\\\\\\Lz\rt\8)Yb-\sa¶h\\\~1\\pAG\0 /\Z\2\'Q7ˋ\\ni\SM\\+*dgL-\+t%\\L#7\zC\ctD\͵3D6UG}TO\\s\\'Wc\\\A\ TQ\"<8\\\\\U\\\]\\\\#jI\`\=\\\\\yO2f\\rK\\{C\0ć<x\\թ]\.J\0\\\DQWж\B\\\EB)A\,UQx\\\\\_\M\\\a/Ta\M}.̲^.0.w\t\T\*/d\tFXdR50\#\WtkpLXł\\5+\Q\a)XZ!}PsP7GiB4\\B_v1\e9*Y1v\y\\rÓ\Ppǒ;dẍ́IDHn_KX\=s\\\T}Q\\\D}Q\D\Z	f\\\?T1\\\=N\rT}1\G\\(\\>\\\8zhc\\\i\6\\X\\}q\\\T}Q\G\l#Z\<\\3\˟L}Qe럪~\'럪~\'蟢~\'蟢~럢~꟢~&xg돦~\'蟪wv~>gꏦ~\韮~g鏢g/g>\\\0\\'),(2,'Kamal@gmail.com','0776268954','*0776*Ramindu',2,1,'Kamal','Kamal','Weerasuriya','2025-07-08',NULL),(3,'Ravindu@gmail.com','0776167954','*0776*Ramindu',2,1,'Ravindu','Ravindu','Dinupa','2025-07-08',NULL),(4,'cashier01@example.com','0711111111','pass123',2,1,'cashier01','Nimal','Perera','1995-01-01',NULL),(5,'cashier02@example.com','0711111112','pass123',2,2,'cashier02','Sunil','Fernando','1994-02-10',NULL),(6,'cashier03@example.com','0711111113','pass123',2,1,'cashier03','Kamal','Silva','1993-03-15',NULL);
/*!40000 ALTER TABLE `user` ENABLE KEYS */;
UNLOCK TABLES;
/*!40103 SET TIME_ZONE=@OLD_TIME_ZONE */;

/*!40101 SET SQL_MODE=@OLD_SQL_MODE */;
/*!40014 SET FOREIGN_KEY_CHECKS=@OLD_FOREIGN_KEY_CHECKS */;
/*!40014 SET UNIQUE_CHECKS=@OLD_UNIQUE_CHECKS */;
/*!40101 SET CHARACTER_SET_CLIENT=@OLD_CHARACTER_SET_CLIENT */;
/*!40101 SET CHARACTER_SET_RESULTS=@OLD_CHARACTER_SET_RESULTS */;
/*!40101 SET COLLATION_CONNECTION=@OLD_COLLATION_CONNECTION */;
/*!40111 SET SQL_NOTES=@OLD_SQL_NOTES */;

